step	avg_reward
0	0.23667991993039153
1	0.09646570012810525
2	0.09281432809251727
3	0.06705888737453504
4	0.09186687252738258
5	0.10129094033186879
6	0.124912922319613
7	0.15342087322114872
8	0.14757982326459282
9	0.14628992080688477
10	0.1439180571185656
11	0.14948119648462882
12	0.14940043325009553
13	0.14553382593133338
14	0.14762097767421178
15	0.16272946277134856
16	0.16106181822291726
17	0.15582254801285877
18	0.14829589407073504
19	0.13725304844403508
20	0.13713213985662726
21	0.14276296995124038
22	0.14182089639503195
23	0.1445668454912769
24	0.14882035688920456
25	0.15197086996502346
26	0.15500454121210105
27	0.15376798119905874
28	0.15925210820859778
29	0.16268538997833987
30	0.16032456691822516
31	0.16044207534574673
32	0.16256587352048193
33	0.16749191569331476
34	0.1659818719614678
35	0.1618699287649375
36	0.15712142747084204
37	0.15998650461311362
38	0.15484674301700316
39	0.15525239402964963
40	0.1576167323372581
41	0.1593744102344718
42	0.16016609247550603
43	0.16138048527479784
44	0.16599050426435208
45	0.16333993556865828
46	0.16489438579217877
47	0.16375075967818345
48	0.16155174331946698
49	0.1561522750888952
50	0.1569262817963971
51	0.1559311800090013
52	0.15505131387080748
53	0.15581139357505808
54	0.15759617141629637
55	0.15905989831493747
56	0.1580352957010647
57	0.15636892725215806
58	0.15600077709321994
59	0.15637084555706673
60	0.15697920485718608
61	0.1553382456063964
62	0.1536063810644997
63	0.15198917655971697
64	0.15122872531104128
65	0.15249784660013868
66	0.14971353889232197
67	0.15140609443187714
68	0.15127712008150074
69	0.15172554924126455
70	0.15039431218333907
71	0.1498146854089887
72	0.14949030824807974
73	0.1483727549696923
74	0.1498507613234273
75	0.15000217970249788
76	0.15054401686831828
77	0.1513104286774488
78	0.15224835107656293
79	0.15300517702436114
80	0.15113602208169125
81	0.14987276849447462
82	0.15117571401480365
83	0.14952473263824373
84	0.15013884591667379
85	0.14744102081468305
86	0.14836174332263288
87	0.1473589905802441
88	0.14586501165130508
89	0.14632046653812758
90	0.1495775200997735
91	0.1503478264693198
92	0.1502940707552624
93	0.14998157293493014
94	0.1496721419116907
95	0.14878162846424092
96	0.1491002388918825
97	0.1503803475679855
98	0.14904238285302102
99	0.14938086335973222
100	0.1491867404213027
101	0.1501693348141594
102	0.1500527226451132
103	0.15169400092110535
104	0.15104106344105345
105	0.15130517244637262
106	0.15059689481314525
107	0.15162550976252986
108	0.15302777925386635
109	0.1532520053379514
110	0.15334442098595952
111	0.15393217119175617
112	0.15386009386042904
113	0.15407836434921335
114	0.153376156172746
115	0.15376125845206717
116	0.15476612487052857
117	0.1549276342724562
118	0.15427802069214933
119	0.15529430109173994
120	0.15376290320050814
121	0.15461661386798944
122	0.15466427311389025
123	0.15384250264143307
124	0.15381616526558683
125	0.15454651031019462
126	0.15575804395650975
127	0.15584008211064715
128	0.15635401672112723
129	0.15648493575423972
130	0.156560327743338
131	0.15550718661453186
132	0.15561934784507345
133	0.1553064860323424
134	0.15494129970987613
135	0.1543954274813793
136	0.15508980666457034
137	0.15524373283738552
138	0.15630327054453808
139	0.15612590075688457
140	0.15614110583746796
141	0.156356907099079
142	0.15646065106535523
143	0.1576278413649017
144	0.15748556994048038
145	0.15762752529623467
146	0.15849621834009314
147	0.15732169399658838
148	0.15711246351441524
149	0.156816068345098
150	0.15656649744650977
151	0.15686876604603253
152	0.15689585665884268
153	0.15644208786777436
154	0.1570752008524118
155	0.15793573573585157
156	0.15765437473523616
157	0.15639656962375012
158	0.15794819591808554
159	0.1586644691056543
160	0.15833806885997262
161	0.15862674025761825
162	0.15916278362905908
163	0.15847363587475238
164	0.1584327138284099
165	0.15829381084504107
166	0.15883401032799363
167	0.15932177619493643
168	0.15883229415310943
169	0.16046911550546986
170	0.1608855349891432
171	0.16060786273508998
172	0.1608492570028943
173	0.16182398250872185
174	0.16282688585417093
175	0.164175643087817
176	0.16417369620731104
177	0.16436985706802326
178	0.1644550724560568
179	0.16445115075649552
180	0.16377701723150098
181	0.1643494060089554
182	0.164083533565371
183	0.16398559486393607
184	0.16387716123245175
185	0.16413833862022476
186	0.1640487916008797
187	0.16474628706485703
188	0.1646337481884292
189	0.16469406727158092
190	0.16513471745996064
191	0.16454542879405618
192	0.16469576961113008
193	0.1651642279731043
194	0.16502535993545125
195	0.1650872719840068
196	0.1645150620116774
197	0.16477661426401047
198	0.16517879473706573
199	0.16473618033396706
200	0.1644969291332862
201	0.16351630251137123
202	0.1637188197308638
203	0.1639736480396128
204	0.16444111328715658
205	0.1642298754868852
206	0.16305197949003905
207	0.1638447458040579
208	0.16369872988514522
209	0.16440204088448754
210	0.16376981018123313
211	0.16414504653831183
212	0.1649672892736708
213	0.1649785895909416
214	0.16490121894229243
215	0.16670202667009615
216	0.16703734817624408
217	0.1670632352144133
218	0.16747473870440913
219	0.16803859101910237
220	0.16844232891602068
221	0.16826772794698888
222	0.16827261908585836
223	0.16884946339732376
224	0.16860420884174288
225	0.16851750970099313
226	0.16861420224625223
227	0.16875193013750303
228	0.16881213649341983
229	0.16825727832587534
230	0.16825259754135774
231	0.16793281720331904
232	0.16708101077922882
233	0.16664665198835035
234	0.16706965027602608
235	0.16730229003210959
236	0.16707734923515122
237	0.16722974795656106
238	0.1666716160320261
239	0.16665884200286663
240	0.16661801099589013
241	0.1664730747467919
242	0.16609418349680694
243	0.1658809199992449
244	0.16595535375109788
245	0.165215310089129
246	0.16554477268605647
247	0.16605549397367111
248	0.1663301967546004
249	0.16636460841944553
250	0.16629871845766364
251	0.16594627319988217
252	0.16601904552950386
253	0.16635851595422743
254	0.1658458657980931
255	0.16565767924318042
256	0.1652671670858964
257	0.16558294339680737
258	0.16514194061132553
259	0.16582005350345444
260	0.16622478089686177
261	0.16662028098945697
262	0.16599612767750585
263	0.16577106994640464
264	0.16522464462883743
265	0.16531234043267987
266	0.164293371456167
267	0.164839137398466
268	0.16492606461830928
269	0.16480368955951116
270	0.16432902501205224
271	0.1636515551803194
272	0.16358344897595725
273	0.16435116241150954
274	0.16467956850929874
275	0.16496031129401925
276	0.1646473008844744
277	0.16444887674500347
278	0.16538492489341833
279	0.1653311791546501
280	0.16528661878447948
281	0.16521136165818118
282	0.16537189508380296
283	0.16544810037162944
284	0.1651996413857909
285	0.16548392636520265
286	0.16517450877220216
287	0.16473998543234758
288	0.16420621852589912
289	0.16443969438296835
290	0.16408637523376565
291	0.16424734677587235
292	0.1633568899772548
293	0.16288198109079116
294	0.16309644531467868
295	0.16276883710716664
296	0.16286355584578496
297	0.16290449551340988
298	0.16316349805443875
299	0.16351084987303094
300	0.16299319370825147
301	0.16326765595846984
302	0.16315299644397818
303	0.16377038581360978
304	0.16378799872431388
305	0.1632270786035908
306	0.16299128142104935
307	0.16274795108633686
308	0.16342805764325516
309	0.16326619191337444
310	0.16315786922417438
311	0.16377255924094905
312	0.16342736145316472
313	0.16318231758852314
314	0.1631006281394683
315	0.16279072969520153
316	0.16261786239327494
317	0.16245644622291988
318	0.16252223244520267
319	0.16273692342904497
320	0.16350619277283704
321	0.1633406066372706
322	0.16311598131083296
323	0.16276260547294383
324	0.16306164868560577
325	0.16314423251891144
326	0.16294684858041436
327	0.1628460194062693
328	0.16321064852279513
329	0.16409504759684088
330	0.16394481056701765
331	0.16380619454735235
332	0.16358337683318444
333	0.16331785042753721
334	0.16353934497039263
335	0.16298843368520588
336	0.16248727577103725
337	0.1627857224819601
338	0.1625081848360919
339	0.16219208623168738
340	0.16190674075861688
341	0.1612702873001952
342	0.16079424469001768
343	0.16007952657434843
344	0.1601903417822957
345	0.16024507048207756
346	0.16035327344760053
347	0.15976356829160807
348	0.15977930125560455
349	0.1595822029054377
350	0.15983083169887505
351	0.16003673253053763
352	0.1600237873496202
353	0.1601077921400736
354	0.15988622719111814
355	0.15963849619135156
356	0.15969799514484334
357	0.16029076115806973
358	0.15989171366350263
359	0.15992339826811294
360	0.1600655261430374
361	0.159943298789888
362	0.15976252517041173
363	0.1599344436766618
364	0.15959340637208114
365	0.1592083288868491
366	0.15922505571116477
367	0.1592319723373463
368	0.15910071983480883
369	0.1590517614115208
370	0.1585791210466582
371	0.15850417064552083
372	0.15850120174628005
373	0.15835791998828744
374	0.15847887185010598
375	0.15839463693245834
376	0.15804622537076335
377	0.15774579775657144
378	0.1573570366345759
379	0.15750701049308066
380	0.1572995550464055
381	0.15735235137407483
382	0.157776624754724
383	0.1578582817528631
384	0.15755200705638162
385	0.15710930328894418
386	0.157206798373159
387	0.1572162604514939
388	0.15737005805594134
389	0.15663834644182947
390	0.15674180890450826
391	0.15637196017450744
392	0.15666075379294347
393	0.15668072678987532
394	0.15646480564693638
395	0.15667246891304815
396	0.15616667206129034
397	0.15618482071200873
398	0.1560342792251091
399	0.1561285164579422
400	0.15611361838484702
401	0.15565379103086027
402	0.1554948867100184
403	0.15541234607744286
404	0.15532357560763263
405	0.15475370815828982
406	0.1544011453159899
407	0.15451590540653368
408	0.1545439398217164
409	0.15409638711341522
410	0.1536188488077901
411	0.15353310243046403
412	0.15351845976309403
413	0.1535147517521701
414	0.15336495058877128
415	0.15363396173759025
416	0.15378510543510696
417	0.153247635798705
418	0.1533348706441469
419	0.1531010874005183
420	0.1528515881748233
421	0.15323074837082185
422	0.15331345453862733
423	0.1532271637748542
424	0.15312325790875592
425	0.15364439595053547
426	0.15370834719367926
427	0.15311524155337888
428	0.1527815812489852
429	0.15240557461228948
430	0.1523070224079849
431	0.15229417544914184
432	0.15164587040962357
433	0.1515016146923152
434	0.15135261735912076
435	0.15162516803193873
436	0.15172987759402504
437	0.15149904547718637
438	0.1514884696665938
439	0.15131130907092252
440	0.15125211299416777
441	0.15087176893987517
442	0.15123658159421968
443	0.15105269105899236
444	0.15051819549268547
445	0.1505915251175361
446	0.15028140326910538
447	0.14982338367138706
448	0.1496392874487527
449	0.14922850151816794
450	0.1489535299896346
451	0.1488329324738776
452	0.14848388209796984
453	0.14841908920612815
454	0.14823284444056342
455	0.14819852791542573
456	0.1479581530139819
457	0.14805932351563872
458	0.14804955488801744
459	0.14758510225193705
460	0.14727414980822917
461	0.14678998585725964
462	0.1467815489039617
463	0.1470991147486836
464	0.14707159138408138
465	0.1470163471086351
466	0.14661242443618747
467	0.1471997762236858
468	0.14717011396821147
469	0.14728632541063785
470	0.1471004075834442
471	0.14695227499219296
472	0.14683686060798049
473	0.14675515066208303
474	0.146915403905029
475	0.14643022091997007
476	0.14669205969979587
477	0.14702655585172184
478	0.14679465891462978
479	0.14703246031256423
480	0.1464868397096548
481	0.1467138949090895
482	0.14622224967225103
483	0.14582945470609435
484	0.14603003728300495
485	0.1458824817977227
486	0.14581707766748633
487	0.14583828513182964
488	0.1458303811466134
489	0.1455674538990187
490	0.1456339866374799
491	0.14529511290277866
492	0.14460694260353882
493	0.1441252551550785
494	0.14392882447530084
495	0.1437243197175633
496	0.14402058738166462
497	0.14423835558222997
498	0.14406091428483675
499	0.1443090140611868
500	0.14427837000519347
501	0.14407837276537383
502	0.14418372534567234
503	0.14363072605014418
504	0.1434337967587771
505	0.1430216256602398
506	0.1430735129995199
507	0.14276333218568485
508	0.14273193976229218
509	0.14244136836923493
510	0.14234087095984688
511	0.14238638620123995
512	0.14209144721800243
513	0.14241453768994058
514	0.14235089594348613
515	0.14232560040946896
516	0.14234378845113582
517	0.14223453465803054
518	0.1422289650370021
519	0.1421110077866648
520	0.1418833111368851
521	0.14166202555830584
522	0.14156376640980678
523	0.14120201908531552
524	0.14088273849081107
525	0.14061801846751568
526	0.14063909135872057
527	0.140877758453015
528	0.1407180707232032
529	0.14091828421602623
530	0.1409241237336314
531	0.14050058054248793
532	0.1404633177334889
533	0.14036058803318668
534	0.1400765851704417
535	0.14003452693816562
536	0.1399268906525616
537	0.13983040982754613
538	0.14013999690815448
539	0.1399413717565504
540	0.13956085581772446
541	0.13917002572801634
542	0.13893666297847487
543	0.13887818209508368
544	0.13895314758924082
545	0.13858680398600876
546	0.1385273869085237
547	0.13833597209228102
548	0.1384108323184088
549	0.13854984414172347
550	0.1382407689364418
551	0.13796273279059346
552	0.13778380855744374
553	0.1377226511226718
554	0.1376254594224131
555	0.13748139381689256
556	0.13724739152750523
557	0.13708182116991574
558	0.13691964395252168
559	0.13730527726160277
560	0.13710685280905388
561	0.13707531079029947
562	0.13676050608517998
563	0.13680531926683143
564	0.13656973218333163
565	0.13647355854534934
566	0.1364206711090324
567	0.13661530302346067
568	0.13663268465569087
569	0.1364221928803053
570	0.13619435678562047
571	0.1360239842636795
572	0.13572223347167234
573	0.13572756998011556
574	0.13549381148266654
575	0.13535437709495815
576	0.13502880470122589
577	0.13481205505083804
578	0.13473604481667542
579	0.1346497236003102
580	0.13407970734809824
581	0.1340746659924335
582	0.13392088426768428
583	0.1337942156203248
584	0.13368797289345558
585	0.13342715910366343
586	0.1333078345209023
587	0.13309209761205257
588	0.13291234784738756
589	0.13260638340263348
590	0.13268820358869646
591	0.1328187421162101
592	0.13261922513462662
593	0.13239901548506042
594	0.13223225795101187
595	0.13229340588829674
596	0.13184696319364164
597	0.13164407271175865
598	0.131676835104817
599	0.13168758561052618
600	0.131754201583416
601	0.13130670863903024
602	0.13127004021609315
603	0.1309008273762443
604	0.13097341062769535
605	0.13113714771139412
606	0.13079865296999624
607	0.13064425301372593
608	0.13083878425315634
609	0.13069383039969856
610	0.13071841159737188
611	0.13077214417360145
612	0.13070329359166535
613	0.13058740783004674
614	0.13034222596256867
615	0.13017265159502153
616	0.12997155828872897
617	0.13000941632824672
618	0.1298441325421349
619	0.12964330856892392
620	0.12978342885258554
621	0.12952722085272264
622	0.12928831813948166
623	0.12900039420129272
624	0.12906943526592327
625	0.1290284855962479
626	0.12903199904496754
627	0.1289568867426276
628	0.12895513324480676
629	0.12891493954208552
630	0.12896369161684715
631	0.12887943787568462
632	0.12874786027768623
633	0.1288755059200079
634	0.12876809115500645
635	0.1283235837622586
636	0.128183424846709
637	0.12816260846581345
638	0.12797559852580015
639	0.12789289749610785
640	0.1278877580931775
641	0.1278285830801298
642	0.1277839525786613
643	0.12807017006204102
644	0.12799717614963935
645	0.12809849252305008
646	0.1280361040168305
647	0.12780563498006867
648	0.12790216903319276
649	0.12757205792291046
650	0.12721589584715465
651	0.12705806399107203
652	0.1267767762956256
653	0.1265998828422989
654	0.12675909449904044
655	0.12668847679654924
656	0.12646626446107062
657	0.12628883438816121
658	0.1262775627237837
659	0.126137368644602
660	0.1261031323651314
661	0.12597294799523975
662	0.1256994270565536
663	0.12558412986771406
664	0.12546986983097325
665	0.1256014769039746
666	0.12551272647911255
667	0.12545050612526853
668	0.12526075595872088
669	0.1247712557218847
670	0.12475960400641226
671	0.12434170373368515
672	0.12420541189458997
673	0.1238750953251031
674	0.12370887680667667
675	0.12339665034900438
676	0.12302194895353652
677	0.12284493055764072
678	0.1228292492528682
679	0.12264180623373062
680	0.12268674639712508
681	0.12254979308460484
682	0.12251444473744491
683	0.12237478156428566
684	0.12229880791636999
685	0.12227782896212822
686	0.12237220195874099
687	0.12255642359449988
688	0.12248026235752277
689	0.12225502918290848
690	0.12201396606512459
691	0.12193126662020025
692	0.12185172327543481
693	0.12169731017339822
694	0.12165734406420665
695	0.1214143262899781
696	0.121396567916405
697	0.12141394834360465
698	0.12114747163214137
699	0.12102129026311909
700	0.1207564467025373
701	0.1207895928187521
702	0.12051598205401023
703	0.12050570096681773
704	0.12028510048449932
705	0.12015758531689472
706	0.12031426470894237
707	0.12017789851519563
708	0.12018976145269143
709	0.120102909259449
710	0.1201247525916641
711	0.11989092458690412
712	0.11986770740905735
713	0.11984378356147202
714	0.11978092754530524
715	0.11959591624471275
716	0.11971660140228477
717	0.11944355615949062
718	0.11917370940540847
719	0.11921766477828985
720	0.11902606613276481
721	0.11896635674133375
722	0.11878642470457314
723	0.11894477999956483
724	0.11910472723987295
725	0.11884028593737005
726	0.11890892978579112
727	0.11905396984836057
728	0.11882404565591533
729	0.11869602478480282
730	0.11866632394352636
731	0.1186541924765186
732	0.11852555949999549
733	0.1183494728474655
734	0.11829169757863028
735	0.11819174658364374
736	0.1182971630386453
737	0.11815672881332694
738	0.11780813118698832
739	0.11769556749952544
740	0.11758428575068118
741	0.11775620037374802
742	0.1175795995697213
743	0.1174193143750069
744	0.1172126208779761
745	0.11732476389079774
746	0.11729325155649799
747	0.11729246688232134
748	0.1173678705048405
749	0.11745902077713512
750	0.11724037884257998
751	0.11726204558485828
752	0.11710905854367985
753	0.11674423605758352
754	0.11655278619871677
755	0.11644438232084997
756	0.11631022638686414
757	0.11619246152668593
758	0.11618860298410809
759	0.1163931799081049
760	0.11619193455385265
761	0.11605780155303398
762	0.11590795431148777
763	0.11579298907562967
764	0.11568779032910106
765	0.11556766479424296
766	0.11544031545642679
767	0.11536023018061704
768	0.11538022903771848
769	0.11515617691844127
770	0.115371140170479
771	0.11535353080267098
772	0.11530452712699679
773	0.11529571360818462
774	0.11502329390405126
775	0.11471154555144288
776	0.11451792734914397
777	0.1146803942912236
778	0.11463942704558239
779	0.11457484394815975
780	0.11461941382598212
781	0.11460870051781874
782	0.11447511698592536
783	0.1145355750697247
784	0.11446431324402943
785	0.11447704642458527
786	0.11446062450871229
787	0.11418431506102805
788	0.11410546224643003
789	0.11407968165900981
790	0.113845488295832
791	0.11376417294522789
792	0.11366112839008036
793	0.11342438949656959
794	0.11333374598648831
795	0.11351772393210872
796	0.11355567787356316
797	0.11360410711088499
798	0.11353965718211044
799	0.1135846396538076
800	0.11341199206109703
801	0.1133968145575579
802	0.11339272543645817
803	0.11336415712523482
804	0.11334032125240742
805	0.11314768890932952
806	0.11312970083521733
807	0.1128591746822457
808	0.11284509742820686
809	0.11271719535600491
810	0.11238928255183565
811	0.11257256578997679
812	0.11244678536485901
813	0.11239714995683003
814	0.11242413169428327
815	0.11271077274730087
816	0.11259506909777364
817	0.11251257083776443
818	0.11243526581231328
819	0.11252786529590106
820	0.11240667023614276
821	0.11232882242034022
822	0.11226797682200627
823	0.11259766024196238
824	0.11249204781289378
825	0.11243455885052607
826	0.11242790621650268
827	0.11245602202172146
828	0.11235275307432362
829	0.1123126486520498
830	0.11247767197913862
831	0.11250198465582362
832	0.112392965907691
833	0.11227035011178249
834	0.11228727336557279
835	0.11216477885827843
836	0.11218512367772361
837	0.11224900531812713
838	0.11220776634827115
839	0.11216450413384198
840	0.11213685871667474
841	0.11211164957695632
842	0.1120236652679868
843	0.11206843935892602
844	0.11221179573255373
845	0.1121787271445838
846	0.11207538790136798
847	0.11212667805281024
848	0.11192552832660707
849	0.11181080180726514
850	0.1116936120491795
851	0.11142985780315072
852	0.11138602475415596
853	0.11128248801545859
854	0.11116542575201441
855	0.11092857943644585
856	0.11087293822246734
857	0.11089637584854184
858	0.11088244300421936
859	0.110802775109488
860	0.1106411325683905
861	0.11047895445163329
862	0.11064056449239443
863	0.11069483898919524
864	0.11057770831095648
865	0.11037731347544238
866	0.1103642284311895
867	0.11028813044776578
868	0.11018405586056441
869	0.11028798031638391
870	0.11014217080090069
871	0.10988293201472815
872	0.10966278796150089
873	0.10949753193292347
874	0.10930592779691194
875	0.10911249870040748
876	0.10914829683685603
877	0.10900635917448806
878	0.10907216933775413
879	0.1089613010601416
880	0.10879621275424166
881	0.10873145606237218
882	0.10869386932383217
883	0.10849804663042996
884	0.1081483877130185
885	0.10820533005926163
886	0.1082751861445208
887	0.10816367746905833
888	0.10810602904617658
889	0.1081464039769264
890	0.10804051127829141
891	0.10812155430989591
892	0.10791381231573244
893	0.10789221190523178
894	0.10795903502604369
895	0.10802673694259377
896	0.10808811258495334
897	0.10805681357138748
898	0.1080476273707626
899	0.10803000613429668
900	0.10787032135368636
901	0.1079649946199941
902	0.10780835663766909
903	0.10770975351092851
904	0.10771196637141546
905	0.10751624531481849
906	0.10752519468955281
907	0.10753880145749105
908	0.10738673289852801
909	0.10719674369092716
910	0.10710710981930813
911	0.10709776434898483
912	0.10708966602263736
913	0.10702285194498568
914	0.10686541883022649
915	0.10673622898394497
916	0.10674793612029093
917	0.10660218031228352
918	0.1065919760520083
919	0.1064216850164496
920	0.10614934628542853
921	0.10610406893221262
922	0.10587115187040518
923	0.10588081742729129
924	0.10592592363947187
925	0.1057675915381194
926	0.1055398276828171
927	0.1055308680853338
928	0.10551692973461692
929	0.10562398168943299
930	0.10566869937419018
931	0.10555327205786609
932	0.10561365521996491
933	0.10565824741081109
934	0.1055404933553583
935	0.10549892848026464
936	0.10542481210485224
937	0.10526958646681106
938	0.10525899046217586
939	0.10511700968784644
940	0.10518288681979612
941	0.1052466854916613
942	0.10523179849087974
943	0.10530302273001324
944	0.10537726859627689
945	0.10528370087608838
946	0.1051474136490861
947	0.10510044066232276
948	0.10497458274834706
949	0.10489828940865395
950	0.10488060485833743
951	0.10475974743578571
952	0.10473185232033412
953	0.10473826804181141
954	0.10482912639445265
955	0.10476417120481152
956	0.10457347611273049
957	0.104547475147867
958	0.10466246286952378
959	0.10462702906068293
960	0.1046790404991746
961	0.1043782743453879
962	0.1044305140388076
963	0.10426845276659634
964	0.10406328302206694
965	0.10387206853798364
966	0.10381109403026365
967	0.10385859733022644
968	0.1038343597585804
969	0.1038598526753954
970	0.10363360650256115
971	0.1035320082281751
972	0.10365557020489473
973	0.103605649568145
974	0.10372993540069374
975	0.10359084525081795
976	0.10358957434053767
977	0.1034088060900686
978	0.10338299573769809
979	0.10325004772175667
980	0.10315946946262727
981	0.10301477160379292
982	0.10293258895210385
983	0.10276679373463185
984	0.10261140541968329
985	0.10233489279952429
986	0.10236319279964938
987	0.10225789297236393
988	0.10211732761058
989	0.10215201360079498
990	0.10215224213217144
991	0.10224654013876978
992	0.1021528105388675
993	0.10198712456234126
994	0.10199702856795738
995	0.10178197211006046
996	0.1016659652208934
997	0.10169767402411257
998	0.10162905335960706
999	0.10162691801756228
1000	0.1015766596192266
1001	0.10150023612958138
1002	0.10156989041119037
1003	0.10144519091253926
1004	0.10151869263740317
1005	0.10140207269457825
1006	0.1013801553797792
1007	0.10136633116076585
1008	0.1012973736215636
1009	0.1011856984067144
1010	0.10113058572948451
1011	0.10099411770090994
1012	0.10098744435787639
1013	0.10107577986333509
1014	0.10108010741118588
1015	0.10102408952611643
1016	0.1010845079039794
1017	0.10108130179887335
1018	0.10107533764406339
1019	0.10120079812741341
1020	0.1011615053714404
1021	0.10111666153354584
1022	0.10107188345087852
1023	0.10094636753115978
1024	0.10093216551934478
1025	0.10080963326100337
1026	0.10082101103727241
1027	0.10051831972054862
1028	0.10060056074052694
1029	0.10055916923166693
1030	0.10052626023494102
1031	0.10050602664439565
1032	0.1005280231182422
1033	0.10045272557552368
1034	0.10050445707784517
1035	0.10045895019421028
1036	0.10035855222540643
1037	0.10027354204522308
1038	0.10027834036344392
1039	0.1003405304638185
1040	0.10023551325621168
1041	0.10021529480761919
1042	0.10018888706325901
1043	0.10023512315556726
1044	0.10025746486876662
1045	0.10027831994280366
1046	0.10023394946943126
1047	0.10023074248118723
1048	0.10021281753254405
1049	0.10016844727710192
1050	0.10016009929971627
1051	0.10016737383912805
1052	0.10002530344007896
1053	0.10003667965474929
1054	0.10010836182610122
1055	0.09998755138641133
1056	0.09982740759344647
1057	0.09971304721994782
1058	0.09972074337149725
1059	0.09959512250190931
1060	0.09947111102567788
1061	0.09934110967213777
1062	0.09943455106497238
1063	0.09934459134432516
1064	0.09926266237971233
1065	0.09917861362747564
1066	0.09919143830728369
1067	0.0993390385947965
1068	0.09935405803431431
1069	0.09947116158705341
1070	0.09947471802380731
1071	0.09950715760861444
1072	0.09937793038035309
1073	0.0992545356827283
1074	0.09922714182145428
1075	0.09921360451850185
1076	0.09914001804706456
1077	0.09913259481384439
1078	0.09911095660630351
1079	0.09923356532621348
1080	0.09904382650259953
1081	0.0989593292072935
1082	0.09888737328837739
1083	0.0988352723278249
1084	0.09878292950615752
1085	0.09861765793320502
1086	0.09857691329951719
1087	0.09859471668265347
1088	0.0985111027016633
1089	0.09841296742807362
1090	0.09831649308304223
1091	0.09820113386593396
1092	0.0982412325844493
1093	0.09815601540626832
1094	0.09808772691243163
1095	0.09790606126468661
1096	0.09794948683282335
1097	0.09794111023854968
1098	0.09799485942379212
1099	0.09789007307777695
1100	0.0978628796427719
1101	0.09794042676545955
1102	0.09776562304377014
1103	0.09780373396113816
1104	0.09780596608527724
1105	0.09793827243981064
1106	0.09791868180881498
1107	0.09786302497183813
1108	0.09781709623853901
1109	0.09772278956539454
1110	0.09761072388129623
1111	0.09750665325607269
1112	0.09737325440771727
1113	0.09732163626986222
1114	0.09736787519465866
1115	0.09730003026620916
1116	0.09715722980894953
1117	0.09696121335310247
1118	0.09698102790693477
1119	0.09702571196084503
1120	0.0969263943284427
1121	0.09693622412712127
1122	0.09687590015533111
1123	0.09681072390620207
1124	0.09680938827333467
1125	0.0968051437914484
1126	0.09683804677048678
1127	0.09679299166452573
1128	0.09656195230103347
1129	0.09657778372891532
1130	0.0965923286311362
1131	0.09665394118212593
1132	0.09666722562012842
1133	0.09646636024189291
1134	0.09641730318253498
1135	0.09652122747584964
1136	0.09643965552661606
1137	0.09660525515832209
1138	0.09658431845175394
1139	0.09660815616203869
1140	0.09651776788486986
1141	0.09652928813260508
1142	0.09641343747236872
1143	0.09646613229277466
1144	0.09653188555159238
1145	0.0964726990584109
1146	0.09656485325428023
1147	0.0965483363933838
1148	0.0964417230099236
1149	0.09638791742896063
1150	0.09642835571748205
1151	0.09646940400565956
1152	0.09641471280552874
1153	0.09637775978924626
1154	0.09639246468664259
1155	0.09638450410361925
1156	0.09627020067262484
1157	0.096151492778129
1158	0.09610567736764747
1159	0.09608882540094855
1160	0.09607270745804582
1161	0.09622425667650317
1162	0.09618129769273567
1163	0.09618044653521465
1164	0.09618080592143857
1165	0.09619890098023112
1166	0.09611863763811983
1167	0.09608172885095544
1168	0.09605219414529115
1169	0.09613943519653989
1170	0.09614668503801595
1171	0.09609619832334088
1172	0.09619995524347756
1173	0.09610225957470843
1174	0.0961268984342929
1175	0.09607524357678923
1176	0.0959081289165818
1177	0.09584700373408352
1178	0.09577619445956854
1179	0.09584104846844466
1180	0.09590432323769611
1181	0.0958221826919345
1182	0.09596973639968091
1183	0.09583247132441189
1184	0.09587166775668494
1185	0.09593194637696457
1186	0.09595718511567015
1187	0.09595593036567489
1188	0.09598982589701388
1189	0.09604360060931064
1190	0.09596240477838888
1191	0.0959176015270606
1192	0.09577093426881805
1193	0.0957154679760667
1194	0.09568750254609498
1195	0.09572660570330056
1196	0.09563224208009538
1197	0.09576370856463194
1198	0.09573342510245246
1199	0.09561485410830185
1200	0.09549804905250976
1201	0.0953121678079818
1202	0.09531017207314167
1203	0.09527597652371866
1204	0.09505172509861572
1205	0.09498854841643639
1206	0.09494633941096459
1207	0.09496294002083643
1208	0.09481528580273538
1209	0.0947823151485125
1210	0.09472851195079264
1211	0.09457943027214202
1212	0.09458637040997558
1213	0.09451823999016183
1214	0.09443796536082043
1215	0.09431283412897076
1216	0.09423512776980734
1217	0.09416906562926391
1218	0.09417968256480308
1219	0.09393779029064009
1220	0.09394889700512495
1221	0.09386164661314637
1222	0.09375736834444694
1223	0.09384567195982244
1224	0.09374936337782369
1225	0.09373858696155034
1226	0.09377193913008193
1227	0.09356765010208713
1228	0.09351735177722777
1229	0.09344356417795147
1230	0.09345161754383041
1231	0.09337855039167482
1232	0.09329743333056242
1233	0.09337806398365428
1234	0.09336528080589551
1235	0.0933700338713276
1236	0.09336771939294024
1237	0.09325806887051913
1238	0.09320718029567841
1239	0.09321626234527498
1240	0.09320428774532181
1241	0.09307643636286708
1242	0.09286538782434947
1243	0.09275884964867678
1244	0.0927204110984928
1245	0.0927556707139139
1246	0.09261760778343125
1247	0.09247874756879512
1248	0.09244103752795284
1249	0.09232750355323513
1250	0.09232850079162737
1251	0.09239009415332569
1252	0.09243458203353501
1253	0.09233184891324878
1254	0.09227893409150442
1255	0.09220442616326921
1256	0.0923445833526984
1257	0.09228155471905543
1258	0.09211081189504482
1259	0.09216848511111098
1260	0.09216516400362613
1261	0.09214335285242287
1262	0.09200354886090124
1263	0.09192921358117526
1264	0.0918765400585877
1265	0.09183776232541309
1266	0.09178725646210045
1267	0.09195950421659278
1268	0.09191025155650545
1269	0.09205344073985273
1270	0.09202605798186955
1271	0.09195715729823724
1272	0.09206285060220165
1273	0.09210376034300513
1274	0.09198636771984664
1275	0.0918406360874795
1276	0.09187664270174403
1277	0.09192602691600578
1278	0.09174457647956133
1279	0.09159606345446111
1280	0.09163389795936336
1281	0.09155031073210977
1282	0.09155962841658581
1283	0.09152183511510979
1284	0.09154317575312268
1285	0.09152507905275865
1286	0.09147114813250032
1287	0.09152477128205226
1288	0.09146999728104778
1289	0.09139756281855324
1290	0.09132610970693616
1291	0.09127986066524903
1292	0.09121489150843702
1293	0.09120310978278101
1294	0.09112530923456504
1295	0.09108672613195004
1296	0.09103337481198913
1297	0.09092771985811285
1298	0.09085714105006332
1299	0.09079655929464414
1300	0.0908600314659352
1301	0.09090756660735677
1302	0.09088341050266215
1303	0.0907943625256583
1304	0.0907772242292191
1305	0.09066429500877285
1306	0.09066465688357196
1307	0.09061053622229966
1308	0.09063911134996545
1309	0.09052919705976303
1310	0.0904326115842257
1311	0.09027903285942473
1312	0.0902003324540631
1313	0.09009142650429991
1314	0.09009231122673604
1315	0.08997650863843203
1316	0.08990549124992754
1317	0.08986124745285386
1318	0.08972613879230248
1319	0.08976177596426392
1320	0.08980810352431727
1321	0.08986642104685175
1322	0.08981035744461846
1323	0.08990332297434556
1324	0.0898983462462595
1325	0.08982032603000893
1326	0.08984923658761342
1327	0.08982598321503549
1328	0.08967553681795436
1329	0.0896380864134744
1330	0.08963736527667467
1331	0.08962550733978766
1332	0.08968251310821825
1333	0.08968587537544512
1334	0.08962258812395826
1335	0.08957435642363312
1336	0.0895000387187575
1337	0.08932490171122588
1338	0.08931464237136831
1339	0.08930350150226879
1340	0.08917511602844964
1341	0.08916197774915595
1342	0.08911059860058472
1343	0.08903958855081207
1344	0.08887060994033226
1345	0.08872946970126273
1346	0.08877683023430971
1347	0.08861918554131082
1348	0.08862736112008174
1349	0.08853589550831681
1350	0.08837376645507757
1351	0.08840674100495087
1352	0.08828534460306453
1353	0.08821127128304154
1354	0.08812656550563372
1355	0.08818739187183464
1356	0.08820633363823221
1357	0.08825005160325279
1358	0.08820851259994904
1359	0.08814939543074747
1360	0.0882193379690949
1361	0.08811883926020007
1362	0.08820869796049793
1363	0.08817756769938709
1364	0.08818913336890867
1365	0.08809002924815815
1366	0.08814864969924874
1367	0.08812217810756878
1368	0.08798834986232389
1369	0.08793250459039975
1370	0.08786885047325602
1371	0.08783733774760025
1372	0.08791822203741824
1373	0.0879230931890847
1374	0.08793387068102665
1375	0.08792504946585783
1376	0.08798072943531467
1377	0.08799094231477346
1378	0.08800853985935807
1379	0.08802314943526343
1380	0.0879415901141098
1381	0.0879948330077947
1382	0.08788686119439625
1383	0.08792892237295367
1384	0.08774477259605482
1385	0.08777906983099713
1386	0.08773527952514418
1387	0.08766853371802201
1388	0.08761091618941409
1389	0.08764596492383672
1390	0.08755436058509046
1391	0.08746375064103025
1392	0.08735152718976105
1393	0.08737093393983605
1394	0.08742833862348358
1395	0.08732114310130637
1396	0.08737948974497983
1397	0.08739321054463169
1398	0.0873882023271128
1399	0.08728802198451922
1400	0.08730589001384002
1401	0.0873072514603504
1402	0.08732246897438917
1403	0.08720543551516406
1404	0.08718286920040072
1405	0.08712204375302675
1406	0.08710217432049057
1407	0.087083234800541
1408	0.08701213545134906
1409	0.08685804118291227
1410	0.08691900595083385
1411	0.08688115795286157
1412	0.08688124293674489
1413	0.08669825442320542
1414	0.08669045035388998
1415	0.08668533902160243
1416	0.08662459875144776
1417	0.08656134161558703
1418	0.08660584400270005
1419	0.08655281770472464
1420	0.08663321455516958
1421	0.08649076269041336
1422	0.08635443276628096
1423	0.08630217556507791
1424	0.08619604463659032
1425	0.08608161453073189
1426	0.08611761485486949
1427	0.08610944213920836
1428	0.08600471835189957
1429	0.08600358856058078
1430	0.0860613196942614
1431	0.08603673261326651
1432	0.08595881736356877
1433	0.08582068236477505
1434	0.08571614022784427
1435	0.08555717308849072
1436	0.08542419659062087
1437	0.08542329502594531
1438	0.08536833911268303
1439	0.08527525766194975
1440	0.08517988259630979
1441	0.08515297682774561
1442	0.08512953417134549
1443	0.08507652994329062
1444	0.08499926804617729
1445	0.08490101687289905
1446	0.08485499963383847
1447	0.08488102166322281
1448	0.0848207541738288
1449	0.08485670314467313
1450	0.08484218071497171
1451	0.08481981244897795
1452	0.08475148397461713
1453	0.08493721317280115
1454	0.08492026730226274
1455	0.0849060210995129
1456	0.08482136174259207
1457	0.08477094013133686
1458	0.08465382869195248
1459	0.08459524097056371
1460	0.08457246574157469
1461	0.08462089603096766
1462	0.08463197856036334
1463	0.08462167321701114
1464	0.0846309016604508
1465	0.08472655390461112
1466	0.08471007171604049
1467	0.08473736406485145
1468	0.08469077268712061
1469	0.08471699329593402
1470	0.08469483567475994
1471	0.0846124120378184
1472	0.08469215297497178
1473	0.08470619814296905
1474	0.08460940818464122
1475	0.0845766970636099
1476	0.08451402010521496
1477	0.08445676518046871
1478	0.08435594130669491
1479	0.08430521833025088
1480	0.08428879878402074
1481	0.08429577225588511
1482	0.08438687956303112
1483	0.08423978049911401
1484	0.08419907898993013
1485	0.08414903636394946
1486	0.08408335333850865
1487	0.08397343824777222
1488	0.0838512251285293
1489	0.08383195547556381
1490	0.08376930199195598
1491	0.08362475813343974
1492	0.08347686935097673
1493	0.08349008002379522
1494	0.08344414035148977
1495	0.08343831400202656
1496	0.08345322210776371
1497	0.08347294653375364
1498	0.08350850118204617
1499	0.08349004453081224
1500	0.08355384884770994
1501	0.08346316345244872
1502	0.0833331774068231
1503	0.08330308996825306
1504	0.08345925201664947
1505	0.08343897356321293
1506	0.08330296511600226
1507	0.08325665048500114
1508	0.08315671591174555
1509	0.08311514171807814
1510	0.08305620645947925
1511	0.08298190461836859
1512	0.08295696737631161
1513	0.08293634972926081
1514	0.08294357277583295
1515	0.08293198669766481
1516	0.08289969160365017
1517	0.08287303634400894
1518	0.08279380289928633
1519	0.08273699279520057
1520	0.08284038395574668
1521	0.08280814156091314
1522	0.0827244302032607
1523	0.0827382337324686
1524	0.08274707313190985
1525	0.08274393102536726
1526	0.082678388499408
1527	0.08267236746507176
1528	0.0826265626696224
1529	0.08261765084115365
1530	0.08265473281047003
1531	0.08264046883805976
1532	0.08255858224005035
1533	0.08263976326358707
1534	0.08260595294824907
1535	0.08245386004954364
1536	0.08243744387195832
1537	0.08243539742391459
1538	0.08236263816840594
1539	0.0823021084537388
1540	0.08228643156927984
1541	0.08225359716771054
1542	0.08216452427007478
1543	0.08211333876356201
1544	0.08214027496829086
1545	0.08207731929082153
1546	0.08197316994371781
1547	0.08192905359544783
1548	0.08191564042065351
1549	0.08195200891382827
1550	0.08201996517830101
1551	0.0820702836569161
1552	0.08206699451177212
1553	0.08209964965919847
1554	0.08207449913683047
1555	0.08198590923691204
1556	0.08197160048045887
1557	0.08200024761607602
1558	0.08191117361763685
1559	0.0818420937799636
1560	0.08185486739627922
1561	0.08184070843404992
1562	0.08175254668919364
1563	0.08170492224502084
1564	0.08167994890332839
1565	0.08168811546455053
1566	0.08173626653117957
1567	0.08171224776903788
1568	0.08179779488688683
1569	0.08175353006615263
1570	0.08179310001232688
1571	0.08196224802054451
1572	0.08202952239487803
1573	0.08189554164520796
1574	0.08192432108390975
1575	0.08191289729126291
1576	0.08176073812647208
1577	0.0817271097130793
1578	0.0818314250166667
1579	0.08181345348236299
1580	0.08168222808724888
1581	0.08166477512369665
1582	0.08156192311715851
1583	0.08152626200105893
1584	0.08158250303303007
1585	0.08156065597100177
1586	0.08139097914853523
1587	0.08137057460456949
1588	0.08132035600608303
1589	0.08127978029702994
1590	0.08129777222000549
1591	0.08127956176553318
1592	0.0813202299885611
1593	0.08129219933701438
1594	0.08129210182544104
1595	0.0813586344078832
1596	0.08128703692949862
1597	0.08127219821968125
1598	0.08135347089068314
1599	0.08135962992915598
1600	0.08128270081836364
1601	0.08133410740133412
1602	0.08123704203184928
1603	0.08119831209002458
1604	0.0811221397533218
1605	0.08119683268091867
1606	0.08127663055868445
1607	0.08129768125454516
1608	0.08133519762246613
1609	0.08143268681653008
1610	0.08146325116142708
1611	0.08143647160440068
1612	0.08149669697204612
1613	0.08147151344425715
1614	0.08158722672631506
1615	0.08154975216833968
1616	0.08146391365742767
1617	0.08138183436755889
1618	0.08132811668752787
1619	0.0813364460390036
1620	0.08132602802844174
1621	0.0814159579324863
1622	0.08129315920625436
1623	0.08121899815418626
1624	0.08121017253496379
1625	0.08118434522489643
1626	0.0810511392391587
1627	0.08097078823898357
1628	0.08088573995876731
1629	0.08090935446276272
1630	0.08075527559291601
1631	0.08075202228590288
1632	0.08078025642538342
1633	0.08070553851269058
1634	0.08074348745951583
1635	0.08070985720534067
1636	0.08071924694068773
1637	0.08067118399227963
1638	0.08062497927064141
1639	0.08064946908081368
1640	0.08055822310046656
1641	0.08046910921108495
1642	0.08043134140439656
1643	0.08035549841913904
1644	0.08034849321883608
1645	0.080287711008979
1646	0.08021140384353978
1647	0.0801732066291583
1648	0.08026741418860049
1649	0.08022699903921864
1650	0.08019356680308017
1651	0.08006241258797064
1652	0.0800183360536786
1653	0.07996157077176752
1654	0.0798985213423107
1655	0.07994400388301186
1656	0.0799807763658237
1657	0.07986214087582073
1658	0.07991613329160585
1659	0.07985803310621804
1660	0.07986912240683475
1661	0.0798473895136308
1662	0.07986271887576192
1663	0.07991072439465799
1664	0.07983074323781633
1665	0.07982885207398327
1666	0.0798564498714778
1667	0.07987900562964992
1668	0.07994162661275592
1669	0.07997300181639115
1670	0.07993966631800269
1671	0.07986178036935893
1672	0.07982685895521272
1673	0.07974924051391978
1674	0.07969478874404315
1675	0.07975948950320251
1676	0.07979229562830481
1677	0.07980365526701709
1678	0.07976345779832367
1679	0.07972895286199033
1680	0.07979336947761073
1681	0.07979924020547137
1682	0.0797021868272243
1683	0.07974557244796687
1684	0.07978252227282656
1685	0.07981174132417901
1686	0.07972960551391954
1687	0.079652378061661
1688	0.07958203942571154
1689	0.07954932913241665
1690	0.07952333308595876
1691	0.0794849271837876
1692	0.07944045823929201
1693	0.07938834451512639
1694	0.07942599005434874
1695	0.07937271540473312
1696	0.07936478637253182
1697	0.07937897902292071
1698	0.07945689277161351
1699	0.07930980719547115
1700	0.07936476342900793
1701	0.07935892022608924
1702	0.07921533617033254
1703	0.0791400715094199
1704	0.07909988234948041
1705	0.07915201079349711
1706	0.07914338462470193
1707	0.07917611571795427
1708	0.07919449697210804
1709	0.0791157088408443
1710	0.07913107727127647
1711	0.07914804425277912
1712	0.07911173937036974
1713	0.07914326367137522
1714	0.07914370936746216
1715	0.07912182665752772
1716	0.0790099496490501
1717	0.07898858440745862
1718	0.07891834461226999
1719	0.0789425841892315
1720	0.07883413961182964
1721	0.07882366153061673
1722	0.07884354646941685
1723	0.07876578477464181
1724	0.0787125306958171
1725	0.07863169304801168
1726	0.07851246565010409
1727	0.07841166629083363
1728	0.07837700174202664
1729	0.07835842071878653
1730	0.07831203888905584
1731	0.07826549380731458
1732	0.0783121757501353
1733	0.07826920220964176
1734	0.07818148214141014
1735	0.07816978153099526
1736	0.07819278007877295
1737	0.0782376094665816
1738	0.07819010195268299
1739	0.07822480475647656
1740	0.07814848504938852
1741	0.07810729796032127
1742	0.0780677902976727
1743	0.07806579025695368
1744	0.0780803714824986
1745	0.07798745655182639
1746	0.07795797898666669
1747	0.07802946981551771
1748	0.07801261807930872
1749	0.07797901750915952
1750	0.07797625367978944
1751	0.0779623078703633
1752	0.07794812229200986
1753	0.07792570930411487
1754	0.07786986025015208
1755	0.07791269291605586
1756	0.07785960724141679
1757	0.07786733914440949
1758	0.07794539684918445
1759	0.07792006121415505
1760	0.07783486233547077
1761	0.07781836935782571
1762	0.07772553452009763
1763	0.07772070924559249
1764	0.07767093429303823
1765	0.07762733395112503
1766	0.07766963046323078
1767	0.07767442784124992
1768	0.07749808446559191
1769	0.07751699087903585
1770	0.07745824568659324
1771	0.0774801014495296
1772	0.07749347612688422
1773	0.0775340005514323
1774	0.07751588844585483
1775	0.07751065375333765
1776	0.07753323177014082
1777	0.07746803797981504
1778	0.07747421006332564
1779	0.07751965379982892
1780	0.07754211634776129
1781	0.07755868292583182
1782	0.07765424460690173
1783	0.07759950580295184
1784	0.07758725530854332
1785	0.0775949808598594
1786	0.07757033602870682
1787	0.07760824833735677
1788	0.07763246874717271
1789	0.07765890887505832
1790	0.07762828399552395
1791	0.07752858509708645
1792	0.07752043537066068
1793	0.07746199278991238
1794	0.07735801940296065
1795	0.07738656522514001
1796	0.07738827094987127
1797	0.07741514840343935
1798	0.07747899156626571
1799	0.0774770250267692
1800	0.07743837598714341
1801	0.07734631574411042
1802	0.07717665400358556
1803	0.07722958701141708
1804	0.0772119373395336
1805	0.07713823237856322
1806	0.07689905994018939
1807	0.07685220336517812
1808	0.07686404954893862
1809	0.07682217995363383
1810	0.07677632100179166
1811	0.0767794635792009
1812	0.07681957129541021
1813	0.07672523244461506
1814	0.07676030314505573
1815	0.07675279877586696
1816	0.07676749392377435
1817	0.07669337297852512
1818	0.07662668516389623
1819	0.07668919783647779
1820	0.07675156553844799
1821	0.07679692847217438
1822	0.07681301090113286
1823	0.07683087454350108
1824	0.07682554267701334
1825	0.07676065903118176
1826	0.07679918825663239
1827	0.07676337337742072
1828	0.07676585905030558
1829	0.07670055739985758
1830	0.07673946949632135
1831	0.07677568105364577
1832	0.07671718349056142
1833	0.0767068793796943
1834	0.07671742484222382
1835	0.076587349965367
1836	0.07661459698493231
1837	0.07661580003772081
1838	0.07655195766251673
1839	0.07656625659932159
1840	0.07654324406178221
1841	0.07641259244738417
1842	0.07640362890421525
1843	0.07628693521954058
1844	0.07625019114631502
1845	0.07622134187535279
1846	0.07614729756097921
1847	0.07613466018746712
1848	0.07609161627368335
1849	0.07613401192031866
1850	0.07616911582311822
1851	0.07615354845537782
1852	0.07609141818441204
1853	0.07609425091047396
1854	0.07604328359495008
1855	0.07600637615911364
1856	0.07595810468436355
1857	0.07598297055518242
1858	0.07604933957857621
1859	0.07602375512101231
1860	0.07598564697302873
1861	0.07595752975100357
1862	0.07599364594577085
1863	0.07600199630833451
1864	0.0759604093902589
1865	0.07595501923824276
1866	0.07593525895726398
1867	0.0760320794748706
1868	0.07607432775867556
1869	0.07602507575257904
1870	0.07590702243157635
1871	0.07590216126041743
1872	0.07587937163675676
1873	0.07580683575428585
1874	0.07583472043154944
1875	0.07576619799311639
1876	0.07576662196599653
1877	0.07574790535957625
1878	0.07578127590376892
1879	0.07567598483419172
1880	0.07570511379955613
1881	0.07572106226011069
1882	0.07582714945064804
1883	0.07585516432123691
1884	0.07582610054824239
1885	0.0757334298927851
1886	0.0757177144122381
1887	0.07568536208067693
1888	0.07569412375633836
1889	0.07575534398570312
1890	0.07573930803154469
1891	0.07578179220016396
1892	0.0757192258237827
1893	0.07572406930624674
1894	0.07574531347449454
1895	0.0758007590156315
1896	0.07571599924135626
1897	0.07574803201470712
1898	0.0757212372016
1899	0.07573074853368997
1900	0.07572787980088486
1901	0.07579088246807944
1902	0.07580884374868081
1903	0.0758417298353801
1904	0.07586561743124577
1905	0.07586318923035837
1906	0.07581643177714409
1907	0.07577557296049564
1908	0.07576401294500332
1909	0.07574144206822615
1910	0.0756765792874068
1911	0.07560585318144437
1912	0.07565318277378308
1913	0.07571493905122297
1914	0.07559807023148502
1915	0.07562631936920454
1916	0.075589769399067
1917	0.07553787837572248
1918	0.0755358948622841
1919	0.07555277660242644
1920	0.07556551866221456
1921	0.0755458792305304
1922	0.07554000165135309
1923	0.07548023976857529
1924	0.07544418660087063
1925	0.07542246090686677
1926	0.07540869610585837
1927	0.07538522504115402
1928	0.0753049437873629
1929	0.07538620400795129
1930	0.07535593332710912
1931	0.07533746917976111
1932	0.07534411271000521
1933	0.07528199039670476
1934	0.07526847576906116
1935	0.07530452736285105
1936	0.07525827267265756
1937	0.07534955789559676
1938	0.07531758015679506
1939	0.0752518860099084
1940	0.07524676491817252
1941	0.07517779708002753
1942	0.07514524214229953
1943	0.0751405603090254
1944	0.07515687015182068
1945	0.075174558532534
1946	0.07505256300898736
1947	0.07501858275318933
1948	0.07494791393495576
1949	0.07493311609120813
1950	0.0749463561137592
1951	0.07489394184032781
1952	0.07488477660410796
1953	0.07482952765918821
1954	0.07484924718543857
1955	0.07478844554493039
1956	0.07482089135186656
1957	0.07477913250463357
1958	0.07476674743627901
1959	0.07476328534918052
1960	0.07469978113693455
1961	0.07472826213846034
1962	0.07473375185838536
1963	0.07474339510317027
1964	0.07479690019568763
1965	0.07481194538480267
1966	0.07472738100491419
1967	0.07474392495158853
1968	0.07471508138857036
1969	0.07463794444828231
1970	0.07463549252280363
1971	0.07463899002135044
1972	0.07459742013553906
1973	0.07458041821529265
1974	0.07455777182698263
1975	0.07451037230048436
1976	0.07448211164694835
1977	0.07446845855607416
1978	0.07445975131834305
1979	0.0745385066063418
1980	0.07451537695536363
1981	0.07455023088257537
1982	0.07441338331123594
1983	0.07430388963644528
1984	0.07426076317950674
1985	0.07418226270164745
1986	0.07410630727170064
1987	0.07410365150076548
1988	0.07414868730882579
1989	0.07407816035435068
1990	0.07406331451169235
1991	0.07399001265767448
1992	0.07398142138512047
1993	0.07391427590243294
1994	0.07385585676661767
1995	0.0738046829061998
1996	0.07378286340654286
1997	0.07377533939443712
1998	0.07377418643315675
1999	0.07366892160548144
2000	0.0735833164498606
2001	0.07360455143446645
2002	0.07359151908416849
2003	0.07355547969742694
2004	0.07355229916534241
2005	0.07355251676312667
2006	0.07352436634687218
2007	0.0734995651473014
2008	0.07347032252520488
2009	0.0735041904550796
2010	0.07354877208887564
2011	0.07354462040237864
2012	0.0735428083039365
2013	0.07350733650715477
2014	0.07351352667905674
2015	0.07355900019548321
2016	0.0735481120133359
2017	0.07351051742197355
2018	0.07354200151581568
2019	0.07353200791014078
2020	0.0735130106637985
2021	0.07352928814611238
2022	0.07351958202548338
2023	0.07356609068669859
2024	0.073584765139739
2025	0.07354077810798024
2026	0.07351850229035344
2027	0.07354177575709267
2028	0.07346757659257785
2029	0.07345407520376225
2030	0.07340872717434331
2031	0.07335084319334792
2032	0.07327513078544548
2033	0.07326731136227077
2034	0.07326701235658689
2035	0.07323254265657855
2036	0.07319410030942189
2037	0.0730851876424683
2038	0.07303825510921085
2039	0.07298936467340726
2040	0.07302452502248598
2041	0.07300445087816695
2042	0.07305716752216228
2043	0.07299519659972063
2044	0.0729837994468998
2045	0.07305239431248389
2046	0.0730948030134623
2047	0.07305844786493836
2048	0.07304221511225105
2049	0.07311212306932302
2050	0.07318624408959473
2051	0.07318029029274654
2052	0.07315560036429666
2053	0.07315884494388418
2054	0.07319455078630344
2055	0.07320771308778025
2056	0.07317957548244086
2057	0.07318727894704025
2058	0.07311335386207855
2059	0.07316900399096127
2060	0.07325100291223029
2061	0.07323063884049703
2062	0.07321756526952514
2063	0.07323807975384473
2064	0.07326498905586744
2065	0.07322332070189556
2066	0.07316425399455381
2067	0.07315554271530186
2068	0.07317506255014414
2069	0.07319883070873431
2070	0.07319245632591603
2071	0.07321643159152436
2072	0.07322624982694213
2073	0.07320088746070426
2074	0.07317438746538897
2075	0.07307765385354743
2076	0.07305651802187972
2077	0.07308556588843994
2078	0.07310306929722539
2079	0.0730889009511961
2080	0.07304345377258702
2081	0.0730988114138916
2082	0.07306927256866858
2083	0.07313584488841182
2084	0.07306551591773902
2085	0.07305206424341613
2086	0.07307999768533006
2087	0.07319642659858716
2088	0.07318079582328345
2089	0.07315910147016853
2090	0.07320327109243822
2091	0.07321610521106035
2092	0.07319476817594266
2093	0.0731160428604271
2094	0.07309800289890664
2095	0.07315984613412753
2096	0.07317770247099192
2097	0.07318461648149042
2098	0.07314863086668781
2099	0.07312912585363696
2100	0.07311864786177594
2101	0.07306763870664695
2102	0.07310427388131988
2103	0.07314934040107031
2104	0.073221986886687
2105	0.07318670170438528
2106	0.07319291816091067
2107	0.07324599362402995
2108	0.07324447613545765
2109	0.07320578543927662
2110	0.07320403977429972
2111	0.07323656915964971
2112	0.07326773435526762
2113	0.07321557278826532
2114	0.07317142103895624
2115	0.07312572310497265
2116	0.07317899805830377
2117	0.07319622313738613
2118	0.07315633789712578
2119	0.07310358621477718
2120	0.0730915812039757
2121	0.07305455115580166
2122	0.07299311043999226
2123	0.07297799394117102
2124	0.07298707598642153
2125	0.07294429230037114
2126	0.07288526173563585
2127	0.07286114649686382
2128	0.07281940719202291
2129	0.07286441408162991
2130	0.07283176456384409
2131	0.07275624574837505
2132	0.072740958575054
2133	0.07270995293539494
2134	0.07264301148608487
2135	0.07260119929386093
2136	0.07266842357767206
2137	0.07268281552605643
2138	0.07267147203700441
2139	0.0726890768090378
2140	0.07264148801835198
2141	0.07268900242645428
2142	0.0726582139292415
2143	0.07268102421216184
2144	0.07268009060332621
2145	0.07261412674357146
2146	0.07258753347736556
2147	0.07252750488292378
2148	0.0724780650178924
2149	0.07242707843109449
2150	0.07244504319800968
2151	0.0724500086155093
2152	0.07247267445744288
2153	0.07243854221510759
2154	0.07245480711928304
2155	0.07241582217702212
2156	0.07240774108361064
2157	0.07239203600532772
2158	0.0723765106560599
2159	0.07234397883118837
2160	0.07231158557917235
2161	0.0722753275659576
2162	0.07234479044739019
2163	0.0723377727259529
2164	0.0723008887691624
2165	0.07230994721567607
2166	0.07229023686762205
2167	0.07232193997227788
2168	0.07240940471741991
2169	0.0723624701115473
2170	0.07233900488229571
2171	0.0723260545147233
2172	0.07231753159029748
2173	0.07233584301466535
2174	0.0723587315777804
2175	0.07227386010941102
2176	0.07230691411453227
2177	0.0722703304363459
2178	0.0722745667483099
2179	0.07225322529894665
2180	0.0722662411638489
2181	0.07225400748019749
2182	0.07226969008715312
2183	0.07231306973505265
2184	0.07222660144348725
2185	0.07228340227555174
2186	0.07224404942469108
2187	0.07218807324495603
2188	0.07204602518474143
2189	0.07202265791035528
2190	0.07194264430442289
2191	0.07197084604796257
2192	0.07196048402808834
2193	0.07195494819462249
2194	0.07183299768090076
2195	0.07187662216760557
2196	0.07191252953220409
2197	0.07188774271128284
2198	0.0718325252295334
2199	0.0718581995768972
2200	0.07192715926424031
2201	0.07185820536099098
2202	0.07173067783220687
2203	0.07164025355969134
2204	0.07159983841955708
2205	0.07162666273484265
2206	0.07160337707679737
2207	0.07165338249889648
2208	0.07169286008237037
2209	0.0716850596512812
2210	0.07166657237224655
2211	0.07164166623923973
2212	0.07158178258022142
2213	0.0714644958565886
2214	0.07137948248975029
2215	0.07137149819814446
2216	0.07135085601640584
2217	0.07135054687284707
2218	0.0713545552764032
2219	0.07136024861066154
2220	0.07124959263414914
2221	0.07116169513900418
2222	0.07111547713086012
2223	0.07111664205339714
2224	0.07110321763920625
2225	0.0711368425292932
2226	0.071098903836987
2227	0.07107342659578611
2228	0.07107899726747861
2229	0.07108221434115299
2230	0.0711040430620635
2231	0.07108981086713512
2232	0.07115367889304193
2233	0.07111429130825427
2234	0.0711666094615945
2235	0.07114260659508886
2236	0.07113234266543667
2237	0.07114954062321452
2238	0.07107086317885487
2239	0.07109545635417351
2240	0.07105087368712985
2241	0.07106272184237822
2242	0.07101482006695908
2243	0.07102686423856704
2244	0.07098499391884341
2245	0.0709726893435009
2246	0.07089135852218138
2247	0.07091424585996851
2248	0.07087517184787907
2249	0.07082791953523399
2250	0.07081702400048723
2251	0.07075474989028051
2252	0.07067535725766118
2253	0.07067902356076669
2254	0.07059965650900728
2255	0.07055378299625743
2256	0.07049150474219298
2257	0.07054024051860107
2258	0.07057789787790424
2259	0.07052193399239888
2260	0.07054620294300526
2261	0.07055342990391789
2262	0.07045850868124792
2263	0.0704660460107794
2264	0.0704125094839808
2265	0.07039734839793785
2266	0.07036896682925504
2267	0.07040960033697902
2268	0.07038215512632583
2269	0.07038889152516073
2270	0.07039782037500163
2271	0.07043480563228499
2272	0.07038350250949231
2273	0.07032606572326562
2274	0.07032682991774772
2275	0.07034491619634191
2276	0.0703251195048178
2277	0.07037821115318808
2278	0.07036242827685034
2279	0.07038028371144751
2280	0.07044565433794624
2281	0.07044553339192773
2282	0.07045602073307249
2283	0.07046130968573597
2284	0.07041294862269219
2285	0.07034554015622807
2286	0.0703624258720371
2287	0.07033673012552834
2288	0.07036016778164808
2289	0.07037735955892208
2290	0.07034822315192961
2291	0.07033470456937851
2292	0.07033633754990148
2293	0.07036970656893926
2294	0.07040159488893212
2295	0.07042645681805972
2296	0.07043415886796525
2297	0.07036931396824431
2298	0.07031595838004684
2299	0.07027443369115738
2300	0.07027259486945067
2301	0.07019460079611176
2302	0.07017132807137556
2303	0.07021714534812219
2304	0.0702741844193057
2305	0.07015780696108623
2306	0.07011883768066839
2307	0.07005533352367983
2308	0.07006578828725124
2309	0.07003188249997869
2310	0.07005059721087577
2311	0.07008552628216809
2312	0.07005206553203272
2313	0.07008103590672092
2314	0.07012560946137608
2315	0.07008940183892322
2316	0.07000812997937608
2317	0.07004623064518671
2318	0.07007687825249628
2319	0.0699846015829821
2320	0.06997713903461641
2321	0.07001953513012907
2322	0.06997656549619061
2323	0.07000786144468855
2324	0.06999103297088084
2325	0.0699487556920577
2326	0.06994581490783743
2327	0.06992526230262767
2328	0.0699631141745207
2329	0.06996107193579064
2330	0.06993898063875918
2331	0.06997063423309112
2332	0.06996974630176382
2333	0.06996061295834685
2334	0.06992962759144461
2335	0.06990626186479137
2336	0.06994982417181346
2337	0.06992017532686852
2338	0.06987611286313761
2339	0.06986806634069748
2340	0.06986954390388757
2341	0.06987021394042536
2342	0.06980255372249163
2343	0.06972200477477895
2344	0.06959557134026179
2345	0.06962104649438007
2346	0.06962678901955169
2347	0.06956814941386116
2348	0.06954303819457848
2349	0.06947866588828647
2350	0.06947560357683402
2351	0.06943289730651415
2352	0.06945270320361996
2353	0.06946839643445082
2354	0.06949446208849658
2355	0.06940485699413475
2356	0.06927126830541418
2357	0.06934163116694393
2358	0.06934493906521587
2359	0.06937774486084901
2360	0.06942451932480831
2361	0.06945144063521533
2362	0.06942694690562813
2363	0.06941283798070381
2364	0.06939692750976785
2365	0.069333318562776
2366	0.06931376655514102
2367	0.06932342631837972
2368	0.06930453970475493
2369	0.0692475280860617
2370	0.06921391115075859
2371	0.06917132284889628
2372	0.06920916298576958
2373	0.069219181348842
2374	0.0693016453079906
2375	0.069279995124525
2376	0.06924570808189576
2377	0.06923298983937407
2378	0.06924704485287807
2379	0.06923944185871361
2380	0.0692041947124578
2381	0.06916328731093717
2382	0.06917770021060783
2383	0.069175420124583
2384	0.06918950101611474
2385	0.06915074368552578
2386	0.06918724006173917
2387	0.06918248942868821
2388	0.06917662519421329
2389	0.06914794442901312
2390	0.06915719933213951
2391	0.06914225837647205
2392	0.06912159487008607
2393	0.06905366040842588
2394	0.0690235093193829
2395	0.06903059538893536
2396	0.06900307776823428
2397	0.06905036199460829
2398	0.06899124889275018
2399	0.06901239711920026
2400	0.06900246558380863
2401	0.06902120042742153
2402	0.06896656545319305
2403	0.06890067582018845
2404	0.06889055965777337
2405	0.06888733798234
2406	0.06889228047941312
2407	0.0688364194364198
2408	0.0688379112421599
2409	0.0688175015136733
2410	0.06879268877269334
2411	0.06878716982042843
2412	0.06874350763933353
2413	0.06877415056065206
2414	0.06874468654319035
2415	0.06879572931789478
2416	0.06872789489579975
2417	0.06874042976928013
2418	0.06873396235951351
2419	0.06870912128884335
2420	0.06875645194066353
2421	0.0688236232733477
2422	0.06878542690964178
2423	0.06869439623905406
2424	0.06863761288169744
2425	0.06857626314536927
2426	0.06859289149507332
2427	0.06860421016627505
2428	0.06858595636775024
2429	0.06856079879670665
2430	0.06853317489058385
2431	0.06856446270882065
2432	0.06852429374730258
2433	0.068545458947069
2434	0.06849827937186137
2435	0.06851718729457516
2436	0.06852732837527974
2437	0.0685565613603355
2438	0.06852646328724711
2439	0.06849235063397206
2440	0.06847200776662463
2441	0.06846462874806473
2442	0.06844400841597849
2443	0.06850680753712911
2444	0.06850095336126685
2445	0.06848794408776428
2446	0.06849380644273116
2447	0.06849338025650845
2448	0.0684996090668423
2449	0.06842768773819721
2450	0.06841562913725595
2451	0.06835959183071992
2452	0.06835976102596876
2453	0.06836743013091022
2454	0.06828866518083879
2455	0.06827031194083313
2456	0.0682413797565823
2457	0.06816702270277347
2458	0.06811645229191793
2459	0.0680755031115497
2460	0.0681025591674082
2461	0.06814478980690039
2462	0.06821087619962793
2463	0.06822296633363335
2464	0.06827679071054106
2465	0.06830455476568603
2466	0.06827421377935693
2467	0.06827160366739747
2468	0.068239525208903
2469	0.06822112180807226
2470	0.06826756950180385
2471	0.06827324263122556
2472	0.06824428219827793
2473	0.06824903783623451
2474	0.0682521897832562
2475	0.06812334822701906
2476	0.06820437171606357
2477	0.06822897104285512
2478	0.068225665129461
2479	0.06820619161923985
2480	0.06814752971266475
2481	0.06813146861502595
2482	0.06822190378086376
2483	0.06827411921619614
2484	0.068311967864166
2485	0.06831681737278293
2486	0.06834374248316352
2487	0.06843868952677043
2488	0.06847197403482982
2489	0.06849750351815895
2490	0.06847203865561957
2491	0.06843603192708082
2492	0.06843350261896747
2493	0.06842277336173204
2494	0.06846672997201458
2495	0.06839948437755727
2496	0.06843629437000523
2497	0.06844660434635069
2498	0.0684356452725202
2499	0.06849816160023388
2500	0.06842467103168957
2501	0.06846069008939937
2502	0.06842032072240645
2503	0.0683973920232184
2504	0.06841851606846615
2505	0.0683703001539419
2506	0.06841210119655772
2507	0.0684254251926232
2508	0.06838523303031255
2509	0.06833103372724253
2510	0.06836155094650942
2511	0.06834785191251405
2512	0.06832216824078122
2513	0.0683155424653328
2514	0.06832389143225365
2515	0.06834779785972525
2516	0.06833974072778524
2517	0.0682796129509007
2518	0.06822442238960698
2519	0.06823635788149393
2520	0.06815825803316529
2521	0.0681964890152084
2522	0.06814148081754455
2523	0.06808400559804942
2524	0.06814070401862332
2525	0.06819153061455467
2526	0.06820389114271495
2527	0.06823297474450432
2528	0.0682293742799893
2529	0.06818659594515378
2530	0.06825216332693296
2531	0.06824291336435737
2532	0.06820213215904287
2533	0.06819816590812629
2534	0.06819652868361342
2535	0.06817249240920904
2536	0.06816804250060864
2537	0.06816885969335905
2538	0.06811428274183162
2539	0.06809472676354066
2540	0.06814406859687434
2541	0.06813645541212414
2542	0.06813461128939358
2543	0.06808734537049171
2544	0.06812518234698055
2545	0.06822084350100299
2546	0.06823443686142386
2547	0.06822235612096691
2548	0.06828323673657975
2549	0.06834579694392148
2550	0.06830861380487187
2551	0.06826350880636337
2552	0.06829321576791766
2553	0.06834105476118552
2554	0.06822871680196106
2555	0.06813649986226074
2556	0.06817320288420832
2557	0.0681397062280332
2558	0.06815780003457193
2559	0.0681308323861531
2560	0.06806269743408878
2561	0.06811278114328637
2562	0.06812776530920597
2563	0.06818569881847968
2564	0.06822912511931994
2565	0.06827146520082288
2566	0.06823163991754873
2567	0.06821581084345171
2568	0.06827713438568084
2569	0.06826974302667
2570	0.06824088933132857
2571	0.06816692563042001
2572	0.0681723969573995
2573	0.06814172538436324
2574	0.06811714887886783
2575	0.06814467312243766
2576	0.06816733449084528
2577	0.06820102498495724
2578	0.0682216708575076
2579	0.06821989404249147
2580	0.06824235620476429
2581	0.06822317933924414
2582	0.06824496203926415
2583	0.06828065518520554
2584	0.06825823759947522
2585	0.06827853783687914
2586	0.06823224563108271
2587	0.06819951337314138
2588	0.06817335099633717
2589	0.06816499567188616
2590	0.06806684771856465
2591	0.0680745174104112
2592	0.06805257600781019
2593	0.06809403569590239
2594	0.06808885029303528
2595	0.06812582003577336
2596	0.06809458790311959
2597	0.06814293601288347
2598	0.06814165734552077
2599	0.06805948733423248
2600	0.06803204704614421
2601	0.0680025043739646
2602	0.06803707740985783
2603	0.06802728932910462
2604	0.0680370948336042
2605	0.06803222325906841
2606	0.0680010680119024
2607	0.06800974463974561
2608	0.06801924321527013
2609	0.06802110801481547
2610	0.06799007780953549
2611	0.06793648070999374
2612	0.06790794829929728
2613	0.06793749061552075
2614	0.06789440728420128
2615	0.06795472127837379
2616	0.0680034815984697
2617	0.06799441374401095
2618	0.06794733716545585
2619	0.0679458672462581
2620	0.06797412614902121
2621	0.06803162752851853
2622	0.068049828248632
2623	0.0680686602539208
2624	0.0680580274220124
2625	0.068046409103253
2626	0.06809166685175129
2627	0.06807291019013315
2628	0.06806234966442049
2629	0.06803163763022248
2630	0.06803046501571523
2631	0.0680167946217117
2632	0.06800329033588287
2633	0.06804361358362465
2634	0.06803707929403732
2635	0.06803202047367815
2636	0.06801987290368722
2637	0.06798927599069968
2638	0.06796149396004889
2639	0.06794763315929282
2640	0.0679360606965415
2641	0.06792697634141882
2642	0.06797173697226326
2643	0.06792675022959324
2644	0.0679137918621303
2645	0.06790984870623752
2646	0.0679274157079287
2647	0.06789327122548017
2648	0.06795620389910259
2649	0.06797095948791836
2650	0.06795898599192776
2651	0.06799598962669097
2652	0.06800037643073172
2653	0.06799851535424838
2654	0.0679488999963059
2655	0.06791671943991759
2656	0.06786668005123167
2657	0.06783399207202226
2658	0.0678562918364568
2659	0.06789360486561948
2660	0.06791502334923342
2661	0.06787937013253044
2662	0.06788427307001565
2663	0.06789789895487124
2664	0.06789024524716301
2665	0.06790716226553577
2666	0.06793000132805126
2667	0.06794135053272185
2668	0.06795999477360101
2669	0.0679732527646897
2670	0.06797978615682204
2671	0.06794235581251601
2672	0.06791948055336931
2673	0.06789580462522489
2674	0.06781234196320762
2675	0.0678021413349544
2676	0.06778317406607685
2677	0.06778825733454245
2678	0.06782225304314708
2679	0.06781174073116482
2680	0.06781162064179057
2681	0.06778175145491537
2682	0.06774885386235947
2683	0.06775577776451153
2684	0.06776845724999944
2685	0.06769278663176806
2686	0.06765443714891857
2687	0.06760211615787906
2688	0.06765943912691191
2689	0.06764194814927846
2690	0.0676093630414307
2691	0.06759062024146074
2692	0.06760776967687192
2693	0.06757191041564771
2694	0.06751801479284136
2695	0.06749474969971249
2696	0.06750510519554341
2697	0.06761448605597903
2698	0.06762960692865551
2699	0.06761575067233856
2700	0.067632345298253
2701	0.06762322504788004
2702	0.06759646433551145
2703	0.06756374391685768
2704	0.06754491582713426
2705	0.06756135084572817
2706	0.0675412541793901
2707	0.0674833355096712
2708	0.06750190752097365
2709	0.06754598570865364
2710	0.06747853487245821
2711	0.06752758686820833
2712	0.06755292721090211
2713	0.06752883476940887
2714	0.067527171028864
2715	0.06753420218966506
2716	0.06753414619016436
2717	0.06757050015557217
2718	0.06759442316662141
2719	0.06760779513933557
2720	0.06759570832585118
2721	0.06759750745474075
2722	0.06757883801172561
2723	0.06756303384961818
2724	0.0675533784328115
2725	0.0676636859043349
2726	0.06772361619630575
2727	0.06780850861433672
2728	0.06779448735945183
2729	0.06780112843003101
2730	0.06782940401964593
2731	0.06786942746834312
2732	0.06782587419400704
2733	0.06778881164001763
2734	0.06782152735545077
2735	0.06778215274110602
2736	0.06778662273936072
2737	0.06774996806551703
2738	0.06772649795260276
2739	0.06771565632073996
2740	0.06770404581623768
2741	0.06766657455673225
2742	0.06769404507523485
2743	0.06770790454006088
2744	0.06772252512715107
2745	0.0677305735243613
2746	0.06763364837890952
2747	0.06763654040817069
2748	0.06768019567096994
2749	0.0676870884362798
2750	0.06761697854966985
2751	0.06763844496706252
2752	0.06762790411759596
2753	0.06757864423697194
2754	0.06759495117278538
2755	0.06758678055504865
2756	0.06763113418857979
2757	0.06767203423217713
2758	0.06766612992872338
2759	0.06765376580884735
2760	0.06767789994044753
2761	0.06766447211090901
2762	0.06765393881420997
2763	0.06765548710438787
2764	0.06769562354055897
2765	0.06776669822261377
2766	0.0677140006597523
2767	0.06764414577363097
2768	0.06761143103011617
2769	0.06763484876819313
2770	0.06763454957527505
2771	0.06756058650076642
2772	0.06755137794452283
2773	0.06752441321560397
2774	0.0675374968036573
2775	0.06747864624171794
2776	0.06743323990742328
2777	0.067394534691975
2778	0.06739556038084771
2779	0.06742941051674485
2780	0.0673965160581626
2781	0.06736110449843109
2782	0.0673616526951044
2783	0.06734736536047888
2784	0.06743691619441551
2785	0.06742848455507174
2786	0.0674574722676857
2787	0.06744604791398656
2788	0.06748099930453907
2789	0.06746645632860225
2790	0.06753280025417333
2791	0.06753321380555256
2792	0.0674918554851987
2793	0.06744981893705011
2794	0.06735748361288815
2795	0.06730080175065284
2796	0.0672388009514152
2797	0.06727076342312806
2798	0.0671924217474081
2799	0.06716132375806048
2800	0.0671992216000424
2801	0.06722616874485768
2802	0.06724968937290987
2803	0.06720715370579941
2804	0.06723647436448907
2805	0.0672255993482134
2806	0.06724163795958563
2807	0.06731933024893032
2808	0.06727733400289203
2809	0.06730289458822518
2810	0.06729720937135887
2811	0.06735421472803658
2812	0.06733446913962164
2813	0.06731538253586883
2814	0.06727740304166493
2815	0.06734705692463622
2816	0.06733022715974087
2817	0.06735048247571235
2818	0.06735468782961641
2819	0.06735582806246106
2820	0.06734638162095934
2821	0.0673673792802859
2822	0.06734550940395495
2823	0.0673791409488373
2824	0.0674525567963306
2825	0.06744968650737379
2826	0.06744904025550276
2827	0.06745706853441767
2828	0.06743262730366503
2829	0.06745280337453172
2830	0.06743631999593498
2831	0.06742110313036588
2832	0.06734556320007382
2833	0.0672894175550072
2834	0.06729211160093898
2835	0.06729441324844669
2836	0.06732532938276002
2837	0.06724146043206876
2838	0.0672112410472855
2839	0.06715411319213561
2840	0.06712766005402963
2841	0.06718432949703092
2842	0.0671549947246639
2843	0.0671676703981148
2844	0.0671449384724396
2845	0.06710689294397379
2846	0.06713933764880183
2847	0.0671276017877927
2848	0.06713751891632887
2849	0.06710776022018802
2850	0.06708352673607165
2851	0.0670672714472356
2852	0.06709768589669433
2853	0.06712463430693755
2854	0.06709817046251776
2855	0.0670886915327674
2856	0.0670809952989115
2857	0.06708143440253231
2858	0.06714738322598396
2859	0.0670824042508566
2860	0.06707904810745771
2861	0.06710145116346586
2862	0.06715466975381489
2863	0.06709171901823044
2864	0.06704892590055217
2865	0.06710243397900263
2866	0.06704956458266191
2867	0.06701605976913613
2868	0.06706999563594616
2869	0.06707635818688193
2870	0.06710714364923419
2871	0.06715209705289535
2872	0.0670658107120808
2873	0.06706189996637225
2874	0.06706137948704764
2875	0.06705450594006862
2876	0.06709216946751224
2877	0.0670269983614029
2878	0.06696843330390113
2879	0.06689295424679953
2880	0.06692949591141212
2881	0.06696178741314587
2882	0.06690056408223467
2883	0.06692032786567606
2884	0.06696030054105892
2885	0.06697705642657571
2886	0.06695400184307373
2887	0.0669270100290305
2888	0.06687192211217922
2889	0.06690458440990545
2890	0.06694812691775329
2891	0.06691585483938367
2892	0.06694698238460632
2893	0.06691893766701792
2894	0.0669103267195744
2895	0.06687900064719668
2896	0.06689600968704933
2897	0.06686918081746249
2898	0.06692659302219317
2899	0.06691842695917008
2900	0.0668989919899467
2901	0.06691747073328717
2902	0.06687998183695334
2903	0.06686913097351999
2904	0.06688269693515526
2905	0.06689670627863181
2906	0.06693894773271854
2907	0.06693911044416298
2908	0.06694600311275908
2909	0.06696426532349917
2910	0.06696212350933178
2911	0.0670058119591292
2912	0.0670247723197873
2913	0.06703149214873605
2914	0.06697713116508854
2915	0.06693124231243698
2916	0.06688353982249914
2917	0.06686438024644832
2918	0.06686602141118594
2919	0.06685782938649107
2920	0.06684856702635467
2921	0.06680518934876827
2922	0.0668399324486771
2923	0.06677762264310576
2924	0.0667775019742219
2925	0.06676004821307792
2926	0.06673671839471636
2927	0.06677069722586963
2928	0.06673944220952326
2929	0.06675629787703852
2930	0.06667598693839823
2931	0.06665788171258408
2932	0.06665645119387972
2933	0.06663923460492574
2934	0.06663452378661187
2935	0.06665045333658402
2936	0.06665572394096349
2937	0.06667064850356526
2938	0.06668996449510005
2939	0.06664896521828811
2940	0.0666236090905151
2941	0.06659270801676005
2942	0.06658428918880145
2943	0.0665966327012009
2944	0.06657482063278067
2945	0.06660748025457491
2946	0.0665322126924446
2947	0.06649838343954717
2948	0.06653109840334412
2949	0.06652040206326557
2950	0.06648488749425488
2951	0.06640039000693206
2952	0.06639281354481755
2953	0.06637264713001205
2954	0.06633458696028163
2955	0.06623859064690392
2956	0.06625386979898526
2957	0.06624851113467863
2958	0.06622821197522913
2959	0.06621278916006845
2960	0.06613725954811071
2961	0.06616061925259731
2962	0.06613146154736939
2963	0.06606488262508559
2964	0.06610217030619289
2965	0.06607692287968406
2966	0.06605871293142265
2967	0.0660529433360068
2968	0.06607019833595934
2969	0.06611570685744321
2970	0.06610226128417074
2971	0.0661574360788605
2972	0.06618774663204463
2973	0.0661930359297588
2974	0.0661834586881554
2975	0.06618880468503979
2976	0.06623403159903705
2977	0.06618206246278621
2978	0.06615290902352192
2979	0.06611487955177717
2980	0.06615551301022804
2981	0.06618003475689159
2982	0.06617026488026768
2983	0.06617088041124465
2984	0.06618644900152656
2985	0.06616205800310429
2986	0.06611772566673192
2987	0.0661519158284416
2988	0.06615845525809302
2989	0.06613764482612981
2990	0.06614225099984133
2991	0.06612762683669439
2992	0.0660993855628337
2993	0.06609775543325985
2994	0.06611313761003451
2995	0.06613018807108002
2996	0.06608010452262565
2997	0.0661375115911282
2998	0.06612761736935492
2999	0.06611317827163132
3000	0.06613015929068351
3001	0.06606684226081949
3002	0.06605590419696007
3003	0.06601646677305688
3004	0.06596832749265491
3005	0.06597287335102925
3006	0.06595687517558224
3007	0.06596004113379227
3008	0.06597698899660881
3009	0.06595956621715804
3010	0.06591300972749085
3011	0.06591497151459846
3012	0.06591599233754945
3013	0.06591986430505876
3014	0.06589874807214485
3015	0.06592138741599425
3016	0.06589572279627572
3017	0.06593283970626371
3018	0.06587994687197256
3019	0.06589172975945834
3020	0.06586272725762476
3021	0.06581837368910474
3022	0.06585683371100032
3023	0.06584664368708862
3024	0.06581127924138588
3025	0.06581780674037371
3026	0.06577910587744394
3027	0.06574018648672715
3028	0.06574856179597949
3029	0.06574771965364294
3030	0.06571320752187274
3031	0.06569822836142561
3032	0.06569774751874458
3033	0.06566377409327019
3034	0.06570502148608405
3035	0.06564840650654168
3036	0.06567557606032291
3037	0.06571694857624767
3038	0.06569406948536767
3039	0.06565456182212644
3040	0.06567631958489958
3041	0.06574729853228137
3042	0.06570715853675951
3043	0.06559894678330454
3044	0.06560522027371912
3045	0.0655488334960237
3046	0.06551759902354368
3047	0.06546101578042231
3048	0.0654427448166027
3049	0.06538795787478767
3050	0.06535707352759244
3051	0.06533295472043145
3052	0.06528878018613106
3053	0.06525475462407972
3054	0.06519167886791945
3055	0.06514650331176207
3056	0.06510410386060629
3057	0.06507597076572995
3058	0.06512434530156931
3059	0.06516279675748005
3060	0.06512162969961914
3061	0.0650984901567932
