step	avg_collection_time
0	395.55427870639534
1	407.74719101123594
2	406.6098484848485
3	409.1442020716292
4	406.44924538352274
5	405.5931558935361
6	402.2176513671875
7	400.2569226808739
8	400.9869165348101
9	401.26174094460225
10	401.3023389075413
11	400.95557655954633
12	400.91507133152174
13	401.2075928917609
14	401.1345864661654
15	400.1312197403169
16	399.9187676377822
17	400.3080901908636
18	400.61941169928826
19	401.5559260136083
20	401.516343366871
21	401.0797572544643
22	401.0433758102984
23	400.7607861602955
24	400.4390909794104
25	399.91290198432074
26	399.59531364313335
27	399.8209831987218
28	399.4153031213578
29	399.0500708890248
30	399.19785881737073
31	399.09632476182077
32	398.8434747990766
33	398.5053117213455
34	398.3997374777652
35	398.712307877277
36	399.0942612206376
37	398.78965783756684
38	399.158740942029
39	399.10913003177967
40	398.97088713842976
41	398.7551043766801
42	398.6528181683754
43	398.55920830655526
44	398.2710709684515
45	398.55358868740797
46	398.3207378075373
47	398.41371888615754
48	398.59305915075566
49	399.10230043543925
50	399.0570527880038
51	399.12780077955387
52	399.1601300363496
53	399.0167257260299
54	398.94325389822893
55	398.8817158360635
56	398.89229606713053
57	398.9927291899815
58	399.0761580574809
59	399.06008781344093
60	399.0703388935811
61	399.2879451589234
62	399.46149188809545
63	399.5950987501101
64	399.7633113761915
65	399.68111034822954
66	399.85286141338565
67	399.84617106119794
68	399.8100714893422
69	399.7848615867007
70	399.9218357272205
71	399.9903218511041
72	400.03266436298077
73	400.1191107181436
74	400.0163006772547
75	399.9819649750332
76	400.0408278135911
77	400.0044495014539
78	399.95266246146895
79	400.00573235358394
80	400.1890401092023
81	400.2415621269611
82	400.1787525381673
83	400.3191244443427
84	400.31307370798805
85	400.56663890986295
86	400.5337082003176
87	400.6705541763093
88	400.83683967638126
89	400.80868446363326
90	400.5814742051647
91	400.5407571787984
92	400.61024541948467
93	400.6636685011684
94	400.7654182657164
95	400.92159924079266
96	400.94723859753833
97	400.92744958109444
98	401.0996550659699
99	401.0688799920404
100	401.13209672529325
101	401.0543969472249
102	401.1199057213346
103	401.0503069908663
104	401.1372552527506
105	401.1664564627424
106	401.24194366190363
107	401.1657780773706
108	401.09769561316335
109	401.1112652410356
110	401.107720490078
111	401.0868746539739
112	401.09865871702505
113	401.0930272984514
114	401.17419828726537
115	401.1916581764308
116	401.18266000629234
117	401.2333993481327
118	401.3261518346159
119	401.2912445096321
120	401.46070032215033
121	401.4432818337572
122	401.4501851999085
123	401.5249579225859
124	401.57422132035225
125	401.5369219144296
126	401.4988475045837
127	401.5234690828735
128	401.51680028932236
129	401.59417017000044
130	401.61712605739945
131	401.7310194200492
132	401.7530486514427
133	401.81755511898217
134	401.873516691833
135	401.986396548571
136	401.96682903351694
137	402.0101546157148
138	401.9556805578678
139	401.97504078754275
140	402.01080217698524
141	402.0333723439654
142	402.0422098120912
143	401.99549279980556
144	402.04449427208255
145	402.0603990607326
146	402.0368982146486
147	402.1223816491069
148	402.1704514034281
149	402.2300924430216
150	402.26456894985466
151	402.29997937192667
152	402.31849139895064
153	402.3765272257115
154	402.360695124904
155	402.3076700185965
156	402.38636991041295
157	402.4752805028475
158	402.3533441887493
159	402.3382635974652
160	402.37054846329005
161	402.3697153109998
162	402.3555679846896
163	402.4506814727442
164	402.4963370604319
165	402.5413246477014
166	402.5224006667608
167	402.5039118876283
168	402.5430679749251
169	402.44935696848864
170	402.4601794956313
171	402.5266541314056
172	402.5622970858073
173	402.510423386318
174	402.44315978996406
175	402.38841261167534
176	402.39553354896617
177	402.42210832333546
178	402.43487618410984
179	402.4869350104763
180	402.5453365637599
181	402.50243518904
182	402.5386375144676
183	402.55732182856207
184	402.5915889777567
185	402.6021534114643
186	402.6438486966935
187	402.6320753226805
188	402.6725922149278
189	402.672784911202
190	402.6725832484529
191	402.74896883961884
192	402.7360532944194
193	402.72730680887173
194	402.732780810932
195	402.734658442609
196	402.8075329225949
197	402.7804963599512
198	402.7753752270929
199	402.8257225562393
200	402.8717053837865
201	402.98105448136545
202	402.97684947096457
203	402.97963141956734
204	402.96116857480126
205	402.9954505493707
206	403.10924191912864
207	403.06792131610763
208	403.08016771697766
209	403.0571421645453
210	403.09948524988033
211	403.08545568345664
212	403.0331562367426
213	403.0547712247603
214	403.04911785945995
215	402.9253003196337
216	402.9372199303278
217	402.9535378719368
218	402.9323434052863
219	402.91498496088093
220	402.90434481653494
221	402.93769639580546
222	402.9248356407945
223	402.8964463487388
224	402.9450302857757
225	402.95757016001807
226	402.97305418986997
227	402.96685180947816
228	402.9818594364588
229	403.0333970159331
230	403.04675990481405
231	403.0885816361318
232	403.1686192297099
233	403.2124778648189
234	403.1963518509399
235	403.1901996866315
236	403.2091133105416
237	403.21147238754776
238	403.26866813879735
239	403.29623161461086
240	403.30408045689524
241	403.33845561727685
242	403.37488306725544
243	403.4205976315633
244	403.4300399277872
245	403.50963982511047
246	403.5096565431106
247	403.4780702293883
248	403.4747147368156
249	403.4928256570966
250	403.5133349453427
251	403.535207497463
252	403.53810930140776
253	403.5185395275143
254	403.5683911009703
255	403.5953669643041
256	403.6444201987425
257	403.63062707657093
258	403.6813184133814
259	403.6472112792375
260	403.6294807773289
261	403.61900460323403
262	403.6757514653128
263	403.72186679319987
264	403.7773971848445
265	403.78728186859774
266	403.8788689355107
267	403.86198818407655
268	403.8705818791774
269	403.902025808261
270	403.94510232775417
271	403.99927766813926
272	404.02786622145754
273	403.9782279339546
274	403.9757109446603
275	403.94902978344714
276	403.975487030101
277	404.00605312393793
278	403.94287980059346
279	403.9645590961578
280	403.97017976858854
281	403.98511973606514
282	403.9851635309744
283	403.99006701167116
284	404.02231365925934
285	404.00775673120097
286	404.04580699398787
287	404.09148741347866
288	404.15959674779344
289	404.15326380140607
290	404.2007325132476
291	404.1899129021667
292	404.269444520421
293	404.3236848596798
294	404.3267454798909
295	404.36632104757973
296	404.35706252697
297	404.35860396465864
298	404.34685752380807
299	404.3079967537349
300	404.37110141862837
301	404.368064505744
302	404.38939374946085
303	404.3683824643465
304	404.36477136294894
305	404.4170298758752
306	404.4462699181259
307	404.4742996653678
308	404.4271506559098
309	404.4590341835037
310	404.4629123293032
311	404.4294819526126
312	404.4850466472744
313	404.52995767601624
314	404.5519327694337
315	404.59284734231574
316	404.61170626738055
317	404.63393160065027
318	404.63367891667076
319	404.64083421338313
320	404.58368979471885
321	404.6162653209585
322	404.6430006045687
323	404.6779447646952
324	404.67235122685554
325	404.66661229875757
326	404.6772096966385
327	404.6986717087977
328	404.6709074642885
329	404.6109278237417
330	404.62621273149966
331	404.64637725629115
332	404.67200083277976
333	404.6916076614505
334	404.6867651662978
335	404.73547537170583
336	404.781398862926
337	404.77038735756986
338	404.79808255086897
339	404.8384090411684
340	404.8890505080673
341	404.9391692315801
342	404.97362162913157
343	405.03844439185565
344	405.03016711938113
345	405.0309170529845
346	405.03811223788455
347	405.0869271136306
348	405.1018234007845
349	405.1320177542074
350	405.1303263947923
351	405.1165774363392
352	405.1222411104681
353	405.1176107209721
354	405.147319381886
355	405.17514494782563
356	405.18002134375547
357	405.1519683231394
358	405.18354551145717
359	405.20113232871904
360	405.18690477312384
361	405.20192973314266
362	405.2287069777092
363	405.23369357515304
364	405.26689331124004
365	405.30974039948546
366	405.3099669807076
367	405.3176158745672
368	405.33427795228556
369	405.3513207100348
370	405.38705588100373
371	405.3956578438109
372	405.4006861636513
373	405.4147239760664
374	405.40481411020664
375	405.4275366534917
376	405.4653193778652
377	405.4830720076893
378	405.51708037938505
379	405.51709643711547
380	405.5327682664963
381	405.5222217814954
382	405.49390467382716
383	405.49968522931596
384	405.53542283325163
385	405.5797966778457
386	405.56773329578704
387	405.56552404413037
388	405.55378936770825
389	405.6058449522735
390	405.60220099382997
391	405.63899832280293
392	405.6382909164946
393	405.6307221275476
394	405.6565161494304
395	405.64230378850397
396	405.68681861230937
397	405.69761353552934
398	405.7210857922998
399	405.7250130194887
400	405.7314224812844
401	405.7691915346527
402	405.7787649185931
403	405.78665674619015
404	405.80908292708756
405	405.85832610873007
406	405.8995415112591
407	405.8983761129671
408	405.89856849327487
409	405.9438989288522
410	405.9744563261373
411	405.99360891001214
412	405.9998248858515
413	406.00020726901835
414	406.0166623156056
415	406.0019743767195
416	406.00086516368236
417	406.0398948950164
418	406.03630334095465
419	406.05166444593556
420	406.0716066939477
421	406.0491864952468
422	406.0530485861971
423	406.06075310411603
424	406.0736931599528
425	406.0332299079611
426	406.03510568533454
427	406.0820295107551
428	406.11398948641954
429	406.15425996621417
430	406.17042571909195
431	406.1708456012698
432	406.22714882754923
433	406.24441019887036
434	406.2516998907751
435	406.24742652863523
436	406.25143271181224
437	406.27725816712973
438	406.2913795070284
439	406.31260124574743
440	406.3180149765705
441	406.348948894214
442	406.32133681583485
443	406.3440434121485
444	406.39135920491185
445	406.3848406135423
446	406.4013557741252
447	406.4198533277814
448	406.4348645693786
449	406.47583471907274
450	406.48773486123304
451	406.50955331528354
452	406.54336484417547
453	406.55022263944704
454	406.5855656589505
455	406.5888093102831
456	406.60839558308135
457	406.6038974781132
458	406.59704378350665
459	406.64117052982215
460	406.6716355158896
461	406.71298150336526
462	406.7175346904528
463	406.70187088315276
464	406.70832049536557
465	406.70931569103084
466	406.7393451895967
467	406.6955290901824
468	406.70933471994977
469	406.7099332100014
470	406.72716182777907
471	406.7416749883796
472	406.75026400797765
473	406.7566473660386
474	406.7481563806472
475	406.7822575551265
476	406.7670067092504
477	406.7462325760889
478	406.7639747600016
479	406.74466650488745
480	406.7934177246198
481	406.78714757783234
482	406.82794592344266
483	406.8582006993234
484	406.85350162277155
485	406.8816952214921
486	406.8995144210267
487	406.90627819848845
488	406.90067830949823
489	406.9289622415999
490	406.9222742970349
491	406.9468088076885
492	407.0037850885003
493	407.0456528276743
494	407.06441660249277
495	407.0832405407238
496	407.0676842599634
497	407.05385901966713
498	407.0691040816261
499	407.05197125915913
500	407.06205788025414
501	407.08259874539465
502	407.0878249426483
503	407.1282085068527
504	407.1446367590043
505	407.17605364205855
506	407.173543475145
507	407.195198567052
508	407.2030965052999
509	407.2228293390157
510	407.22870756302365
511	407.2244807113082
512	407.2468223015788
513	407.2292257355102
514	407.23170258272427
515	407.24134289807125
516	407.2455032082632
517	407.2563301438496
518	407.257156563573
519	407.2651148519659
520	407.29155045584434
521	407.30677638427716
522	407.31958213358314
523	407.35448997385146
524	407.3686000074962
525	407.3940791398434
526	407.39499075302797
527	407.38397250643493
528	407.4029954341669
529	407.384539109576
530	407.3898142099068
531	407.43204559706646
532	407.4359782232338
533	407.44400571217557
534	407.46753129573085
535	407.4778469207611
536	407.49177497016836
537	407.50138839773916
538	407.4829340892427
539	407.50115577781594
540	407.5316427893116
541	407.56064098507335
542	407.57185113509524
543	407.5861257171717
544	407.59124413351367
545	407.6176658290207
546	407.62620600465794
547	407.64865271988367
548	407.64467003137224
549	407.6307788723205
550	407.6531082195792
551	407.6730261889795
552	407.69644425812305
553	407.7040796840975
554	407.714890987937
555	407.7210433938077
556	407.75174963265994
557	407.77016322125513
558	407.7813026028144
559	407.7574004809491
560	407.77728600376406
561	407.7816471103183
562	407.8176505110202
563	407.81769709179997
564	407.82992139885204
565	407.84333454576534
566	407.8479957081509
567	407.8376982845551
568	407.84510574844916
569	407.85650289944124
570	407.881593247077
571	407.90328647554253
572	407.92232736311064
573	407.91919099122396
574	407.94240550469664
575	407.95977431864026
576	407.985920938717
577	407.99904597408863
578	408.00014721130185
579	408.00281753894694
580	408.04540893764937
581	408.0331662871627
582	408.04997627952366
583	408.0655140358364
584	408.08359536589967
585	408.09747945117834
586	408.1041342448143
587	408.12539376535585
588	408.143369904067
589	408.1671282539691
590	408.1677205943481
591	408.15739509910117
592	408.1754402970181
593	408.1904845637609
594	408.2027324115552
595	408.1980913399172
596	408.23318762633977
597	408.25510559634074
598	408.2554065319081
599	408.2529397863196
600	408.249343574626
601	408.2725250330012
602	408.27867475309466
603	408.3102913348769
604	408.30640546867096
605	408.2934486131747
606	408.3166102024963
607	408.3308333075521
608	408.31615193412244
609	408.3318283139236
610	408.32541975752764
611	408.32607763357737
612	408.33494195808305
613	408.3532898401421
614	408.37300868576693
615	408.3844003720632
616	408.40508485969116
617	408.4082395148298
618	408.4196900343195
619	408.4296579772875
620	408.41511240891833
621	408.43200245355683
622	408.45414941252824
623	408.48028535932957
624	408.48758247660453
625	408.49188538740634
626	408.4876654246639
627	408.49061238794354
628	408.5055590817147
629	408.51401232247304
630	408.5153579132641
631	408.52587750436504
632	408.53380393410595
633	408.5270992639226
634	408.5333625772144
635	408.56845682776685
636	408.5818161218295
637	408.5777735261252
638	408.588382691859
639	408.5976761277892
640	408.5960033931198
641	408.606296761121
642	408.6139211960076
643	408.5875603325544
644	408.59164706915186
645	408.5839254761224
646	408.5907280904868
647	408.61567139647303
648	408.6119089951845
649	408.63672374183665
650	408.65376745392587
651	408.67200202333737
652	408.6979810474763
653	408.709699512583
654	408.7060159518981
655	408.70979091722256
656	408.7357918121143
657	408.7443776065858
658	408.7363707273277
659	408.74526173949073
660	408.74459815631644
661	408.75865366258427
662	408.77260365732457
663	408.7836945523921
664	408.7951182704421
665	408.7849418811649
666	408.7858963140842
667	408.79709836317465
668	408.8143803674663
669	408.8517766407343
670	408.8552546378419
671	408.89302772376766
672	408.9064740898577
673	408.93513541281123
674	408.94981630089865
675	408.97806623210545
676	409.0099257321399
677	409.02310981867345
678	409.0286685681527
679	409.037620684936
680	409.0342914356368
681	409.0461166370447
682	409.05067205409176
683	409.06870192906916
684	409.0767134874116
685	409.07590677284276
686	409.06659491201214
687	409.05239288300277
688	409.0666641255189
689	409.08045946641823
690	409.0997696469012
691	409.1110984486692
692	409.1015905845628
693	409.1130278857118
694	409.1169809519255
695	409.13701587153975
696	409.14469110143426
697	409.14386704168913
698	409.1609786169243
699	409.17946665244517
700	409.2003497976041
701	409.1948297683658
702	409.2181082977024
703	409.21846279898494
704	409.2402744343318
705	409.25478082097686
706	409.24278446311496
707	409.2599388512263
708	409.26150809908614
709	409.2762256433165
710	409.27884348994854
711	409.2953481214898
712	409.30008690280175
713	409.3001466402509
714	409.2990961154094
715	409.3098557423274
716	409.30314801152895
717	409.32810449060986
718	409.35315403652464
719	409.3461556359431
720	409.36014633305757
721	409.3658496258896
722	409.3836230542959
723	409.37559873839797
724	409.3627619278274
725	409.3883021673458
726	409.3837609365816
727	409.3661088698758
728	409.3870593092707
729	409.3976978506805
730	409.399081773008
731	409.404778804006
732	409.41086533131556
733	409.427859582262
734	409.4395141939483
735	409.4519962056225
736	409.4436241611824
737	409.45640374828554
738	409.47591544635117
739	409.4815382916031
740	409.49406997617405
741	409.48263080560946
742	409.4926620503871
743	409.4968282081049
744	409.5103546986793
745	409.5070405975167
746	409.5146616558551
747	409.51998201405985
748	409.5199322249657
749	409.520085513055
750	409.53335895916007
751	409.5323941000166
752	409.544726314521
753	409.5727276151959
754	409.5847547804443
755	409.58924349378697
756	409.59468321686336
757	409.59682348999
758	409.6010151298887
759	409.5873190404886
760	409.60499894665503
761	409.60580187280647
762	409.620175178951
763	409.6290672212694
764	409.64104823245873
765	409.6532537722882
766	409.66276146080475
767	409.67001616504126
768	409.67073013855565
769	409.6845572899475
770	409.6679022276514
771	409.6719698835615
772	409.67581220346324
773	409.67319094529074
774	409.6991496543218
775	409.7226040803569
776	409.7377076536745
777	409.72978454382513
778	409.7360678085694
779	409.7410941195418
780	409.73613811993255
781	409.73365369735075
782	409.7452259000834
783	409.7407144528212
784	409.75102766640504
785	409.753946225652
786	409.7557317341123
787	409.775544351101
788	409.7846476174089
789	409.7840002188899
790	409.8041329018259
791	409.8122754490118
792	409.81516458764446
793	409.8405336542306
794	409.8474512976769
795	409.83641836472987
796	409.8349442062454
797	409.8258856848948
798	409.83493587896885
799	409.8347009540564
800	409.85322850710384
801	409.85673368208177
802	409.8508678145083
803	409.8501932839587
804	409.85167038526157
805	409.87103961824283
806	409.8788763293897
807	409.901301970382
808	409.9050295237202
809	409.9146667004361
810	409.942428263594
811	409.93046655602654
812	409.9410782563829
813	409.94634014880546
814	409.9498552914366
815	409.930588375624
816	409.93120682115926
817	409.93482856754275
818	409.94176613943915
819	409.93282416485266
820	409.94967744613456
821	409.9509315412481
822	409.9571808136261
823	409.9268037731975
824	409.93983377158224
825	409.94539566330843
826	409.9465845115153
827	409.94598765106747
828	409.95355573364606
829	409.956817420072
830	409.94414198564687
831	409.9483837162239
832	409.9497378226886
833	409.96039072108886
834	409.96189030705716
835	409.96664277457637
836	409.96209387265384
837	409.9605613546892
838	409.9649992653266
839	409.96934493746676
840	409.97565958293336
841	409.9791504389079
842	409.9824427420217
843	409.98468110393856
844	409.9768156767854
845	409.978408896986
846	409.9916688160454
847	409.99003018976157
848	410.0094079569406
849	410.02069178258853
850	410.03183762448253
851	410.05487664047416
852	410.06113905156536
853	410.0762686675696
854	410.08443192266424
855	410.10212558873104
856	410.10995443124807
857	410.1102082603072
858	410.1103852856212
859	410.11749881128566
860	410.12373195861284
861	410.14347264797016
862	410.12703226724784
863	410.1223833889057
864	410.13220556347255
865	410.1488981616936
866	410.1489887771685
867	410.1560453875573
868	410.1660713079961
869	410.1573962231168
870	410.16923037744544
871	410.1936242513544
872	410.2141165839538
873	410.2315122776928
874	410.2519600784439
875	410.2636043909048
876	410.26462057509804
877	410.2763014408382
878	410.26479779173064
879	410.27439611561954
880	410.2885689778466
881	410.29236191745514
882	410.29592330435014
883	410.3084429974793
884	410.33410163414965
885	410.3340511341678
886	410.33027196754045
887	410.33485690591226
888	410.34069039094953
889	410.33314736277583
890	410.34531939840565
891	410.3376669492917
892	410.3536760667658
893	410.35541992409134
894	410.3495880553816
895	410.34491972117576
896	410.33640216898834
897	410.341041540465
898	410.3420293521018
899	410.3410091222147
900	410.3530997432013
901	410.3454983849235
902	410.35569612237833
903	410.36972565082834
904	410.36757552865595
905	410.3775333942957
906	410.373818483444
907	410.37295778914523
908	410.38473552629193
909	410.3974832963748
910	410.4075610210755
911	410.40827921767607
912	410.41103823296
913	410.4201105857658
914	410.4326972921678
915	410.4402017436268
916	410.4398757498161
917	410.44994862582166
918	410.44797706511395
919	410.46134274329665
920	410.47854790397014
921	410.4810607967887
922	410.4926612221839
923	410.4925816444145
924	410.49118625044537
925	410.5018325171037
926	410.5225011460065
927	410.52412283734486
928	410.52210633162287
929	410.5126626021177
930	410.5161591653075
931	410.5267733448583
932	410.5247054032567
933	410.52724713264627
934	410.538503837966
935	410.5455491015092
936	410.5496415114469
937	410.5574387766373
938	410.555452414558
939	410.56870659300915
940	410.5620309208807
941	410.5551848314762
942	410.55309094148504
943	410.5502366967824
944	410.5480916901702
945	410.56127742345916
946	410.572492055184
947	410.5738241605151
948	410.5825339179313
949	410.5865652172246
950	410.59062547891125
951	410.5988739421249
952	410.5948328321164
953	410.5970864501517
954	410.59238970944415
955	410.6018998206701
956	410.6138514908242
957	410.6100234717291
958	410.59823103740484
959	410.6047299956502
960	410.5984091431339
961	410.6198089358402
962	410.615040213937
963	410.6242533437776
964	410.63361350900175
965	410.647302054202
966	410.6522251448895
967	410.6516779890949
968	410.6563274180419
969	410.6569340999313
970	410.6729962822241
971	410.6847384023121
972	410.67391718085895
973	410.6744126153493
974	410.6680423926843
975	410.6804234816041
976	410.68679286549326
977	410.70287621914963
978	410.70596179709014
979	410.7141119189466
980	410.7231325456695
981	410.7338438559426
982	410.74204814352447
983	410.75688453330645
984	410.7676227516679
985	410.7927234552593
986	410.786780578973
987	410.79319480242475
988	410.8037922009792
989	410.80337212316664
990	410.8020258270048
991	410.79638901292975
992	410.80104218083574
993	410.8130725548589
994	410.81258788525525
995	410.82819646306126
996	410.83252040456307
997	410.8252354052773
998	410.83150449138327
999	410.83596427384117
1000	410.8352801914741
1001	410.84477638993866
1002	410.84253579769006
1003	410.850501249527
1004	410.8466667126071
1005	410.8510846336595
1006	410.8545581916337
1007	410.85315737933075
1008	410.85590920822244
1009	410.86948134237826
1010	410.8696596250564
1011	410.87748101934466
1012	410.88017560154094
1013	410.8745412343822
1014	410.87645649014706
1015	410.8792743889785
1016	410.8685754207988
1017	410.8688488477725
1018	410.87156749670044
1019	410.85852259570737
1020	410.8613388423999
1021	410.867442535741
1022	410.8693141007192
1023	410.8792592292866
1024	410.87944536995053
1025	410.88786861247087
1026	410.8855315960405
1027	410.9046206827684
1028	410.89503465513314
1029	410.900173796812
1030	410.90462858806643
1031	410.903995817597
1032	410.90429126323227
1033	410.910894780533
1034	410.9061956520077
1035	410.9096216853977
1036	410.9213115215106
1037	410.9272174184122
1038	410.9241574477867
1039	410.9169362768523
1040	410.92844367796556
1041	410.93275282065315
1042	410.9310920056777
1043	410.924699168492
1044	410.9265815878485
1045	410.92838939496744
1046	410.93257880904724
1047	410.9326974208435
1048	410.9321012189359
1049	410.9378875687671
1050	410.94044043612536
1051	410.94000579581285
1052	410.9519998648793
1053	410.95618791398186
1054	410.94976255781813
1055	410.9602438120192
1056	410.97331303736297
1057	410.9838056470479
1058	410.98491780661226
1059	410.9960284144248
1060	411.0063067874692
1061	411.02065660002694
1062	411.01447602522126
1063	411.02319408443475
1064	411.03446756180347
1065	411.04081016278144
1066	411.0433039532893
1067	411.02935922966014
1068	411.0301219574472
1069	411.01849372281913
1070	411.02486454073494
1071	411.0217497524644
1072	411.0289303276537
1073	411.03681778931605
1074	411.03848501131023
1075	411.04087381048595
1076	411.046490850036
1077	411.0482100151879
1078	411.05368604641956
1079	411.0468382843704
1080	411.05617596200005
1081	411.06319303786915
1082	411.06866262998676
1083	411.0771653861355
1084	411.08423402461204
1085	411.09344499607823
1086	411.09494326709677
1087	411.09498207266387
1088	411.1026376721583
1089	411.10495447848933
1090	411.11357169011023
1091	411.1251315278982
1092	411.1228595233615
1093	411.13044284691694
1094	411.1355920929825
1095	411.1502332441238
1096	411.1432181046666
1097	411.1493316512506
1098	411.14547459645564
1099	411.1553456689328
1100	411.15374374761484
1101	411.1483960308159
1102	411.1613184906064
1103	411.1604644147374
1104	411.1626171080465
1105	411.149713903767
1106	411.1526401841446
1107	411.15805352294893
1108	411.1618743360502
1109	411.1708589824085
1110	411.1806624786158
1111	411.1858485279408
1112	411.19190295142363
1113	411.19398009617174
1114	411.1879903559488
1115	411.19154279512315
1116	411.19671987651014
1117	411.20947734275967
1118	411.2093730457795
1119	411.20936153759897
1120	411.21283056873443
1121	411.21100191100675
1122	411.2169687352103
1123	411.22351123914126
1124	411.2255338429182
1125	411.2249034060899
1126	411.22347280052566
1127	411.22495832384527
1128	411.23830277121846
1129	411.2419023062397
1130	411.2462650697011
1131	411.2453980640458
1132	411.244592176975
1133	411.25625696971844
1134	411.259744184099
1135	411.2490555463821
1136	411.2614130569348
1137	411.2487918615634
1138	411.2524468736392
1139	411.2530218222545
1140	411.2558371457457
1141	411.2557240601181
1142	411.2650067444799
1143	411.26053736753835
1144	411.2538144863084
1145	411.25819010853655
1146	411.2499427639895
1147	411.2513798747366
1148	411.2571848499104
1149	411.2628537269474
1150	411.2604963036881
1151	411.25898312926637
1152	411.2587736668236
1153	411.26744963985107
1154	411.26367113908253
1155	411.26339699289406
1156	411.26753922173515
1157	411.27463828198745
1158	411.27810392966376
1159	411.2815538902588
1160	411.28562187731563
1161	411.2688780704796
1162	411.27092416120394
1163	411.2693049540622
1164	411.26717303957184
1165	411.2656605172202
1166	411.2763469800719
1167	411.27911229191034
1168	411.28321660124124
1169	411.2766390011126
1170	411.2758996595746
1171	411.28370215725755
1172	411.28012824548057
1173	411.28997374171973
1174	411.2841252377823
1175	411.287635403804
1176	411.30377506660426
1177	411.3100254745806
1178	411.3148578678045
1179	411.3146621981762
1180	411.30956596158666
1181	411.313546670478
1182	411.302113365047
1183	411.3133639438423
1184	411.31171272935165
1185	411.31217484576297
1186	411.31336888988284
1187	411.31304737208166
1188	411.30997741023936
1189	411.3049462392379
1190	411.3139939653973
1191	411.31591750452554
1192	411.33048647827366
1193	411.33667225143745
1194	411.3413094371539
1195	411.33906082453325
1196	411.34944955315257
1197	411.33877806268686
1198	411.3385400130217
1199	411.3481643253231
1200	411.35570004025243
1201	411.3659861421929
1202	411.3616471631215
1203	411.3649257475726
1204	411.380150935102
1205	411.3819160574709
1206	411.3853296919527
1207	411.38588823189355
1208	411.3973085901546
1209	411.40410953423884
1210	411.4072760310072
1211	411.4160101637881
1212	411.41441360511044
1213	411.4211109070593
1214	411.424193547233
1215	411.4341886307788
1216	411.4394524593575
1217	411.4468687418764
1218	411.44539699073596
1219	411.4629516925442
1220	411.46133441913986
1221	411.46862300888273
1222	411.4750555271105
1223	411.46917245128856
1224	411.4743646134803
1225	411.47335721768053
1226	411.4682149773245
1227	411.4850036209856
1228	411.48885134813656
1229	411.4938875182711
1230	411.49417180657065
1231	411.4992201771603
1232	411.5024474464794
1233	411.49400024243965
1234	411.4957085796734
1235	411.49871811387584
1236	411.4997221388236
1237	411.5096568485656
1238	411.51344460244667
1239	411.51516278080754
1240	411.51350418550436
1241	411.52045583604604
1242	411.5383396330257
1243	411.5468476090582
1244	411.54849381445365
1245	411.5447782917766
1246	411.55107694810033
1247	411.56417087153056
1248	411.566396365444
1249	411.5794741378918
1250	411.5770936147115
1251	411.567252218132
1252	411.56357200685005
1253	411.5699408130001
1254	411.5729134295067
1255	411.578524806666
1256	411.5668121531382
1257	411.57439997409693
1258	411.5874291344582
1259	411.5844853471258
1260	411.5879960981362
1261	411.5855481303746
1262	411.59699546398014
1263	411.6012457521055
1264	411.6055170198439
1265	411.6117964886628
1266	411.61479379387885
1267	411.605884995628
1268	411.60818717610323
1269	411.5940140303964
1270	411.5989030316767
1271	411.60168995131414
1272	411.59335596425467
1273	411.58897784969815
1274	411.5964847437539
1275	411.60995394624075
1276	411.6069038003178
1277	411.6025905491997
1278	411.6172763823075
1279	411.6280005519775
1280	411.6260699069843
1281	411.63344910318045
1282	411.63295183075905
1283	411.63249994399683
1284	411.6295620317887
1285	411.63043218651194
1286	411.63658323186485
1287	411.6330244987976
1288	411.6351291521262
1289	411.6373460917164
1290	411.6394499453305
1291	411.64357100125545
1292	411.64978985971135
1293	411.6498937187607
1294	411.654668222569
1295	411.657536348878
1296	411.65830204690207
1297	411.67094428900555
1298	411.67950759730405
1299	411.68742711449113
1300	411.68577571223904
1301	411.6827190110518
1302	411.68351888167365
1303	411.6914445260758
1304	411.6935313302791
1305	411.7040151612493
1306	411.7056001582012
1307	411.70963799884703
1308	411.7099292510111
1309	411.7165191990098
1310	411.72241419591825
1311	411.7322203845639
1312	411.7381179706393
1313	411.7458944334329
1314	411.744060979481
1315	411.7511602382505
1316	411.7557213656837
1317	411.7578063712915
1318	411.76493508309727
1319	411.76251319917634
1320	411.7569274192198
1321	411.75137296001833
1322	411.7586223537979
1323	411.75496140346735
1324	411.75506324725563
1325	411.760185009222
1326	411.7602548512769
1327	411.76360586371726
1328	411.776932396079
1329	411.77838931183004
1330	411.77545918511476
1331	411.774922832734
1332	411.77067311361765
1333	411.7675974738644
1334	411.7715074369992
1335	411.7773262337804
1336	411.78248836857284
1337	411.79519055956524
1338	411.79646720548067
1339	411.79527017890223
1340	411.80663622209
1341	411.8079216027214
1342	411.8061281484087
1343	411.81312501116645
1344	411.8262649697399
1345	411.84005830093383
1346	411.8351396763778
1347	411.8482230599529
1348	411.8501778679245
1349	411.855289654794
1350	411.870149794147
1351	411.8672260116246
1352	411.8797544672043
1353	411.88595802344497
1354	411.88912935179263
1355	411.8816305454258
1356	411.8804763599559
1357	411.87621352038013
1358	411.88121706289985
1359	411.8874708978074
1360	411.8833051912889
1361	411.89018941795837
1362	411.882240427929
1363	411.88663518897386
1364	411.8837339854106
1365	411.8893320844356
1366	411.88315909671746
1367	411.88625351613297
1368	411.89177180261805
1369	411.89303953089495
1370	411.8955178924763
1371	411.89676383070474
1372	411.8875293886156
1373	411.88821618989834
1374	411.88709515724474
1375	411.88959009885605
1376	411.88600245028096
1377	411.88727438088193
1378	411.8854927856864
1379	411.8813438151204
1380	411.8850731907955
1381	411.88323027578315
1382	411.8892495270862
1383	411.8863010648326
1384	411.8996512221806
1385	411.89540800541954
1386	411.89602685997374
1387	411.9000671002671
1388	411.903067750292
1389	411.90184723781454
1390	411.9102863324852
1391	411.91272121933275
1392	411.9212587226942
1393	411.92258584652524
1394	411.9190348332056
1395	411.92690186466024
1396	411.92687305049253
1397	411.92254128802597
1398	411.92566408677084
1399	411.9341559816381
1400	411.9372449008922
1401	411.9372546801558
1402	411.93717799678967
1403	411.9449844342776
1404	411.9438978352675
1405	411.94994978200026
1406	411.9528479602964
1407	411.9552870529338
1408	411.95876141648466
1409	411.97303624984323
1410	411.96760412544495
1411	411.9682285320087
1412	411.96645363649816
1413	411.9764499168909
1414	411.97707414632526
1415	411.9828666654995
1416	411.9870107813146
1417	411.98937911726324
1418	411.98530866724496
1419	411.9889084554415
1420	411.9830115597489
1421	411.9923752705873
1422	412.0046773393784
1423	412.00341576503956
1424	412.0091904130811
1425	412.01442280118425
1426	412.01144085635445
1427	412.01429152090554
1428	412.0230422263465
1429	412.021761738679
1430	412.01869852111076
1431	412.0221305517702
1432	412.02608316244726
1433	412.0308033555624
1434	412.0383678767735
1435	412.05173097283546
1436	412.0644658830729
1437	412.06564603200707
1438	412.07200703402555
1439	412.0783342956943
1440	412.084637493624
1441	412.08511769492605
1442	412.09264656218494
1443	412.09952007234074
1444	412.10574540151356
1445	412.1136955016882
1446	412.1205171942636
1447	412.1162874130697
1448	412.1185124924396
1449	412.11262311848117
1450	412.1136285468639
1451	412.1170074563536
1452	412.1208021976601
1453	412.10680396942615
1454	412.1106498556367
1455	412.1128351439769
1456	412.1179174671625
1457	412.11944207294624
1458	412.1284907798326
1459	412.1346925206687
1460	412.13795547795564
1461	412.1372359005516
1462	412.1370877815111
1463	412.13575980374185
1464	412.1362546726948
1465	412.12974791278293
1466	412.1295162165251
1467	412.1241816790966
1468	412.1279976726277
1469	412.1268581239991
1470	412.1301176532644
1471	412.1368078026121
1472	412.1310023019423
1473	412.1320480456916
1474	412.14155158185014
1475	412.1453308986161
1476	412.1514242480565
1477	412.1586645914007
1478	412.1669923342552
1479	412.1685053293954
1480	412.1672352389104
1481	412.1688141632652
1482	412.1618821557369
1483	412.17526729982893
1484	412.180193932179
1485	412.1874137034511
1486	412.1939131018876
1487	412.2005115731508
1488	412.20936638946887
1489	412.2092091885704
1490	412.2119266738077
1491	412.22131054084485
1492	412.2312594327435
1493	412.2299640408426
1494	412.23530826266
1495	412.23682396310926
1496	412.2399728310607
1497	412.2386161658808
1498	412.2368303575189
1499	412.2377775406198
1500	412.2331014702802
1501	412.24020157685396
1502	412.24888332663363
1503	412.24812399413247
1504	412.234568372353
1505	412.2370904552806
1506	412.2491878932695
1507	412.25345190497063
1508	412.2609823406081
1509	412.26412566443776
1510	412.2716544861398
1511	412.2758041172666
1512	412.27936597005015
1513	412.2836168789404
1514	412.2805877288369
1515	412.2830839291693
1516	412.28508236730505
1517	412.28645357219204
1518	412.2928337404617
1519	412.29862887977225
1520	412.29070153163934
1521	412.2925803986681
1522	412.29561198210297
1523	412.2964875777356
1524	412.2940275670456
1525	412.29486776877025
1526	412.29839655062995
1527	412.2981807288292
1528	412.3023572960917
1529	412.30387721385455
1530	412.2993046669853
1531	412.3028963112481
1532	412.3081279192762
1533	412.30243552755803
1534	412.30214136336303
1535	412.314970472445
1536	412.31853592714947
1537	412.31719033994824
1538	412.3207274118341
1539	412.3253728926101
1540	412.3262039192572
1541	412.3276212314659
1542	412.33447238775284
1543	412.34013705479515
1544	412.33663273527293
1545	412.34180957204796
1546	412.3459325525968
1547	412.3510614239079
1548	412.351908151241
1549	412.3472872183472
1550	412.3421445616241
1551	412.3365461419299
1552	412.33847129854627
1553	412.33504489783195
1554	412.3375054422618
1555	412.34428364202665
1556	412.34504630183335
1557	412.34637862430554
1558	412.3546542140207
1559	412.36245240666153
1560	412.36007848034797
1561	412.3625997525823
1562	412.3693155281376
1563	412.37380437623096
1564	412.3751253994026
1565	412.37328888685784
1566	412.3729585680799
1567	412.37374782357085
1568	412.3671619908941
1569	412.37063708607127
1570	412.3666997712038
1571	412.35583420649726
1572	412.350684115426
1573	412.35890356856686
1574	412.35866882260035
1575	412.35841943938243
1576	412.36982566715847
1577	412.37272494162073
1578	412.365080610909
1579	412.3685805472305
1580	412.3768035765473
1581	412.37809778217763
1582	412.38676247258775
1583	412.39013792662723
1584	412.38722604630595
1585	412.38954557533765
1586	412.40404511265115
1587	412.4090781511324
1588	412.41302854302637
1589	412.417532678276
1590	412.4167504114556
1591	412.41802000132014
1592	412.4155691352319
1593	412.41629412849454
1594	412.41589655945717
1595	412.41144181982503
1596	412.4179841002515
1597	412.416599442221
1598	412.4126578765969
1599	412.41345878597605
1600	412.41991599914303
1601	412.4164304797114
1602	412.4229795612433
1603	412.42636537030785
1604	412.4334773793431
1605	412.42748904326544
1606	412.42394614701146
1607	412.4215199209282
1608	412.4176144776592
1609	412.41375573715004
1610	412.4124225316484
1611	412.41579828895055
1612	412.4118790655361
1613	412.4136723466395
1614	412.4035181772266
1615	412.4042321556751
1616	412.41171175652016
1617	412.4181500332509
1618	412.4194682312716
1619	412.41757895525706
1620	412.41615813212087
1621	412.40822176544816
1622	412.42033971260844
1623	412.42777392861086
1624	412.4279886497184
1625	412.42973493691704
1626	412.44332956841913
1627	412.4512106516118
1628	412.457559222072
1629	412.4552336321277
1630	412.4652103932
1631	412.4680122824754
1632	412.4662802208217
1633	412.4710006377255
1634	412.4629457844614
1635	412.46622701363475
1636	412.4648661699407
1637	412.47020153372
1638	412.47342923363186
1639	412.47206372014995
1640	412.48034446984184
1641	412.4866538420074
1642	412.48783571894165
1643	412.4916268543519
1644	412.49237469875567
1645	412.4981108657288
1646	412.50389510262767
1647	412.5101031559207
1648	412.5061539414961
1649	412.50890174324815
1650	412.51155249584525
1651	412.5208412236623
1652	412.524503774688
1653	412.53021265644264
1654	412.537433144312
1655	412.5329864590891
1656	412.53163563865235
1657	412.5433820693268
1658	412.53845166110716
1659	412.543125086002
1660	412.54328881396106
1661	412.5454336653629
1662	412.5430490828186
1663	412.5371797752841
1664	412.5433677382272
1665	412.54605970470186
1666	412.54466168937813
1667	412.5463051178816
1668	412.54134031490065
1669	412.54105438666323
1670	412.5421558034015
1671	412.55032713169214
1672	412.5485488697511
1673	412.5547162504862
1674	412.5588249896981
1675	412.5529210787299
1676	412.55251465049497
1677	412.5496280973829
1678	412.5507546523465
1679	412.55293335612276
1680	412.5520780982577
1681	412.55269704032753
1682	412.56028299459797
1683	412.55792430751416
1684	412.5545254299402
1685	412.5546118499687
1686	412.56120783110566
1687	412.564738952444
1688	412.5687919617429
1689	412.57241559705653
1690	412.57497801230284
1691	412.57804656503566
1692	412.5816124021178
1693	412.5871435495663
1694	412.58135830454086
1695	412.58495556672597
1696	412.5836072663797
1697	412.58026909035885
1698	412.5754998797791
1699	412.5879403420477
1700	412.5821359218485
1701	412.5822849150834
1702	412.59320626776287
1703	412.59962870794556
1704	412.60507402009574
1705	412.6008574552499
1706	412.60242869609647
1707	412.6020600962462
1708	412.59822480495745
1709	412.60414654043024
1710	412.6052256607989
1711	412.60184066732336
1712	412.6063069626931
1713	412.60737380773867
1714	412.6089847727336
1715	412.60858276003864
1716	412.61551846945804
1717	412.6170768662934
1718	412.62200850750514
1719	412.6220967900335
1720	412.62939289881535
1721	412.6313815631595
1722	412.6300133389393
1723	412.6363834322449
1724	412.6394285129231
1725	412.6453379700805
1726	412.6545951841121
1727	412.6614329325617
1728	412.66298313304554
1729	412.66880050446576
1730	412.67326013679735
1731	412.6776736727783
1732	412.6748425464318
1733	412.67968671552114
1734	412.686367992903
1735	412.6888027306501
1736	412.6869053638854
1737	412.68314950940356
1738	412.68419229159775
1739	412.6813881311745
1740	412.68383780852855
1741	412.68484979112947
1742	412.689719208308
1743	412.6902405222489
1744	412.6931862848327
1745	412.7008716765102
1746	412.7014050524589
1747	412.6952512463223
1748	412.693416489653
1749	412.69626802978206
1750	412.69488667254296
1751	412.69631142180225
1752	412.6978033512425
1753	412.69978967781395
1754	412.70557432025595
1755	412.6999171366813
1756	412.70289842241954
1757	412.70478665113154
1758	412.69860237541104
1759	412.7033917456161
1760	412.7087257786617
1761	412.7111811735067
1762	412.71690456691545
1763	412.71793434093735
1764	412.7231806625882
1765	412.7256020896379
1766	412.72374696326824
1767	412.7261684564849
1768	412.7385432333743
1769	412.7366517934146
1770	412.7404387386702
1771	412.73764770634347
1772	412.73866795491966
1773	412.73391689811587
1774	412.73676064122964
1775	412.73911698913975
1776	412.7367859344295
1777	412.74199771293223
1778	412.74158812461354
1779	412.74067712039397
1780	412.74068343858374
1781	412.7398354518679
1782	412.7337991865229
1783	412.73708339034533
1784	412.73623696841855
1785	412.73722258994513
1786	412.73959308017055
1787	412.7367381366165
1788	412.7348980038395
1789	412.73350454514224
1790	412.7363612842135
1791	412.74668705890366
1792	412.74857437792315
1793	412.7532018246306
1794	412.7583497372965
1795	412.7578945093896
1796	412.7579190083664
1797	412.75463605201105
1798	412.7527543427221
1799	412.7555820355422
1800	412.7607299200067
1801	412.7662882877073
1802	412.7797703449428
1803	412.7751328528783
1804	412.7774705058231
1805	412.78302624376676
1806	412.80149708609395
1807	412.80472389586777
1808	412.804233476169
1809	412.8078996382505
1810	412.81202543582987
1811	412.813823193789
1812	412.8110269547294
1813	412.8175071261729
1814	412.8161133670248
1815	412.8151502324712
1816	412.8128593129616
1817	412.81791209504485
1818	412.82568809516135
1819	412.8206142142959
1820	412.81748352909744
1821	412.8137616000799
1822	412.8137615796951
1823	412.8133043111918
1824	412.81420360449744
1825	412.82012806109657
1826	412.8150602003939
1827	412.819208047514
1828	412.82059303695195
1829	412.8238402426616
1830	412.8229401372256
1831	412.82150293695827
1832	412.82556210123107
1833	412.8278455907683
1834	412.82689017410206
1835	412.83824018840045
1836	412.8381900455304
1837	412.8400259797764
1838	412.84635273454217
1839	412.84538614936963
1840	412.84674930589233
1841	412.8576217997493
1842	412.857999482314
1843	412.86435347284333
1844	412.8647287136777
1845	412.86745772793626
1846	412.8728041664334
1847	412.87006243117077
1848	412.8717631441255
1849	412.8681125069692
1850	412.86445166250326
1851	412.8657346828294
1852	412.8697578025481
1853	412.87063207773497
1854	412.87457054743237
1855	412.8799450060225
1856	412.8830086548764
1857	412.88245688992635
1858	412.8757313276443
1859	412.87973362398384
1860	412.88191501781563
1861	412.8849958469272
1862	412.88223544322494
1863	412.8802966691075
1864	412.8851395739414
1865	412.88597289292073
1866	412.8881968421612
1867	412.8778292605981
1868	412.8742589344864
1869	412.8773119729746
1870	412.88438618881344
1871	412.8851057395619
1872	412.8872805408743
1873	412.89123582989856
1874	412.8897975996701
1875	412.8946476402118
1876	412.8923051484962
1877	412.8962363003455
1878	412.8952816252033
1879	412.90455608234674
1880	412.90231849804604
1881	412.9013432466026
1882	412.89507921605644
1883	412.8919378578059
1884	412.8963255183249
1885	412.9042380955206
1886	412.9086422998887
1887	412.91080239779336
1888	412.9111116726616
1889	412.90480264735726
1890	412.9056090813728
1891	412.9037799950518
1892	412.9094555698406
1893	412.90811124884505
1894	412.90712378614535
1895	412.9048306100209
1896	412.9139975419155
1897	412.9125950665455
1898	412.9147714116528
1899	412.9146963194942
1900	412.91774909131334
1901	412.91279737471564
1902	412.90919424251007
1903	412.9073456749196
1904	412.9063877375883
1905	412.90541215940215
1906	412.90925463683817
1907	412.91091581467276
1908	412.9121711190049
1909	412.9142955369945
1910	412.91816135329134
1911	412.92503541788113
1912	412.92275766206154
1913	412.9183338338496
1914	412.92711576917026
1915	412.9275156074797
1916	412.9313918857039
1917	412.9330609590939
1918	412.9333778665106
1919	412.93412069398875
1920	412.9332031311533
1921	412.9322865313956
1922	412.9299821970795
1923	412.93423402300294
1924	412.9397721777865
1925	412.9401074774179
1926	412.9391220697093
1927	412.9407699332053
1928	412.9458232200449
1929	412.9422533323479
1930	412.94387965261416
1931	412.94470488263914
1932	412.9433908789888
1933	412.947179169193
1934	412.94795736907355
1935	412.946578915254
1936	412.9507457299446
1937	412.94241671739013
1938	412.94444905198435
1939	412.94908845974226
1940	412.9520448513085
1941	412.95710266323164
1942	412.96002407923993
1943	412.96031942695845
1944	412.95725066685054
1945	412.9537452596904
1946	412.9630381744307
1947	412.9664395022985
1948	412.97321475503776
1949	412.9761133386366
1950	412.9764098057632
1951	412.9810368453868
1952	412.9826754651072
1953	412.98422446102387
1954	412.9840896838851
1955	412.9890794270296
1956	412.9855525386538
1957	412.9888553972721
1958	412.99213934011976
1959	412.99338031921565
1960	412.9971161414507
1961	412.99742093158164
1962	412.99689639407393
1963	412.9967798684347
1964	412.99415166305965
1965	412.99320047604954
1966	413.000717792316
1967	412.99849142770336
1968	413.0004865654198
1969	413.00548151950966
1970	413.00582156581015
1971	413.00664551785195
1972	413.00952017891694
1973	413.011153713107
1974	413.0131107373141
1975	413.0155521765102
1976	413.0175306066439
1977	413.0198979912558
1978	413.0210534539935
1979	413.01758754678457
1980	413.0187428184282
1981	413.016582449879
1982	413.02738522363296
1983	413.03561205396403
1984	413.03758307787604
1985	413.04498199389116
1986	413.0491395285296
1987	413.0494139237767
1988	413.04679142112957
1989	413.0504359048413
1990	413.0536799790183
1991	413.05904726208877
1992	413.05846299541446
1993	413.062845285692
1994	413.06848415453015
1995	413.0720436928841
1996	413.076131914448
1997	413.07515196033427
1998	413.07628123052746
1999	413.0849300795039
2000	413.0923107366137
2001	413.0929387332585
2002	413.0927886023997
2003	413.0963587898626
2004	413.09577807817124
2005	413.09392370996807
2006	413.0970803516799
2007	413.0982320748791
2008	413.09966814015246
2009	413.0986680656594
2010	413.09309583997367
2011	413.0945764667207
2012	413.0935778352567
2013	413.0975823735095
2014	413.0986664327943
2015	413.0948558379913
2016	413.0946974488428
2017	413.0991645804752
2018	413.0956666261058
2019	413.09591107957806
2020	413.0982156405484
2021	413.09845292991935
2022	413.10037813959843
2023	413.0977841063042
2024	413.09509569903935
2025	413.09737713908225
2026	413.0955673366427
2027	413.0941275645365
2028	413.0993298592385
2029	413.10283053299634
2030	413.1051498211834
2031	413.11069741202647
2032	413.11631997089495
2033	413.1157598252426
2034	413.1168054880553
2035	413.11744112935236
2036	413.1221839177784
2037	413.13106971882456
2038	413.1345872242038
2039	413.13772286971704
2040	413.1334211445301
2041	413.13196508471935
2042	413.1301405288132
2043	413.1344634414688
2044	413.13718051909086
2045	413.13209666352327
2046	413.1282593364021
2047	413.13009530816043
2048	413.1331648861475
2049	413.13060157118605
2050	413.1280021371494
2051	413.129020448021
2052	413.13254003764257
2053	413.13443428667125
2054	413.13059716470514
2055	413.1300691140847
2056	413.13110188782935
2057	413.1325187856948
2058	413.1388476656245
2059	413.1358193751193
2060	413.1295861683093
2061	413.13063656106954
2062	413.13004768284463
2063	413.1270177005007
2064	413.1256139414801
2065	413.13151610174583
2066	413.1378419855404
2067	413.1397122572089
2068	413.13791203023106
2069	413.13772956549843
2070	413.13956660398185
2071	413.13733048582213
2072	413.1355429586408
2073	413.139051319045
2074	413.13966410828795
2075	413.146331832173
2076	413.1502096915903
2077	413.1475708356131
2078	413.1457868655446
2079	413.14883997824717
2080	413.1530482685344
2081	413.15089955224164
2082	413.1530806867817
2083	413.1505146468876
2084	413.1527554189428
2085	413.15541143177177
2086	413.1536921075828
2087	413.14589734336516
2088	413.1453053896023
2089	413.14630455059864
2090	413.1441101020649
2091	413.1411290034073
2092	413.1432866336608
2093	413.1495246417672
2094	413.1505807369881
2095	413.14399735887434
2096	413.142637791297
2097	413.14289422713557
2098	413.1467106413786
2099	413.14972943298284
2100	413.1507308845718
2101	413.1540691893721
2102	413.1503159391992
2103	413.1493476871771
2104	413.1440164163695
2105	413.14618823981897
2106	413.1463986514397
2107	413.14226743114455
2108	413.1436274048748
2109	413.14539387429693
2110	413.14644891469254
2111	413.1435094247275
2112	413.14181207282786
2113	413.14560475421706
2114	413.1473356872789
2115	413.1510524225325
2116	413.1465699871311
2117	413.1468288794863
2118	413.15139526374156
2119	413.154750832393
2120	413.1565041406042
2121	413.1602517559508
2122	413.1656041903389
2123	413.167389584436
2124	413.16602747801625
2125	413.17056649739806
2126	413.17278004821935
2127	413.17455721528694
2128	413.17679668075124
2129	413.1715185003698
2130	413.1736816614177
2131	413.1797350608217
2132	413.1818560478148
2133	413.1828050011133
2134	413.18614275411875
2135	413.18903978096796
2136	413.18379073049863
2137	413.1831851395449
2138	413.18340660743706
2139	413.18327449891575
2140	413.18699466611116
2141	413.18248705210254
2142	413.185793432404
2143	413.184397303111
2144	413.18455226286267
2145	413.1890355263598
2146	413.19271310597156
2147	413.1952127048235
2148	413.19775609638623
2149	413.20108302081866
2150	413.1981253951367
2151	413.1979466784686
2152	413.19663922704916
2153	413.19918560946263
2154	413.19588003534443
2155	413.19950468210743
2156	413.19970310097096
2157	413.201802922942
2158	413.2055015653749
2159	413.2056891956488
2160	413.2077642892489
2161	413.2098856484542
2162	413.20620679002724
2163	413.2060517118399
2164	413.2074184095288
2165	413.20646766707415
2166	413.2078430316635
2167	413.20725726946466
2168	413.2009415641909
2169	413.20459471245096
2170	413.20711828191617
2171	413.2069370416785
2172	413.20862001048897
2173	413.20651205375157
2174	413.20709583025746
2175	413.2130603128359
2176	413.2105140886379
2177	413.21498516404716
2178	413.2143601996933
2179	413.21452291740377
2180	413.214322471832
2181	413.2159725300789
2182	413.2139175243782
2183	413.2083431108007
2184	413.21390292352993
2185	413.2126219221192
2186	413.2181342108592
2187	413.2221226836038
2188	413.2311115243281
2189	413.23355410482657
2190	413.24019753494656
2191	413.240395400148
2192	413.23977133907186
2193	413.23993073565754
2194	413.2484587632025
2195	413.24596956685235
2196	413.24111596392197
2197	413.24245180071017
2198	413.2475949642175
2199	413.24738829971733
2200	413.24303849398376
2201	413.2484956886561
2202	413.25776436727443
2203	413.26437131878276
2204	413.26487405018344
2205	413.2631458139339
2206	413.2674225498697
2207	413.2619614414149
2208	413.2598375895559
2209	413.26157122447273
2210	413.2636407125648
2211	413.2648833444858
2212	413.26804584746094
2213	413.2749637963651
2214	413.27965473396875
2215	413.27945520886885
2216	413.27847373666737
2217	413.27897947132493
2218	413.2786987715101
2219	413.2774005431852
2220	413.2884340569281
2221	413.29384377757697
2222	413.2981476029923
2223	413.2975398557551
2224	413.29697461636596
2225	413.29444973224514
2226	413.2979692518441
2227	413.3018325608337
2228	413.302342808339
2229	413.30246380959204
2230	413.30109956325236
2231	413.3001487603743
2232	413.2958263078984
2233	413.29741299650203
2234	413.29376915488325
2235	413.29654249604647
2236	413.2977938831001
2237	413.29640680498903
2238	413.30211776855145
2239	413.301117401281
2240	413.30724023549965
2241	413.30585332050043
2242	413.3108216102878
2243	413.30946407036197
2244	413.3125397757444
2245	413.31343020271777
2246	413.31876794830777
2247	413.31595348258213
2248	413.31716082946605
2249	413.32284664069994
2250	413.32480407167577
2251	413.329375597717
2252	413.3350230159642
2253	413.33774462414965
2254	413.3459851553489
2255	413.34795777746217
2256	413.35212783788256
2257	413.3485177140213
2258	413.34612175887133
2259	413.35031792079747
2260	413.3481881390646
2261	413.3490654494731
2262	413.35576287855883
2263	413.3569744298891
2264	413.3596638396136
2265	413.3630687940014
2266	413.36469022677727
2267	413.3611150225661
2268	413.363421608081
2269	413.3616558258217
2270	413.3628432581771
2271	413.36145668734247
2272	413.364856291288
2273	413.3682339629226
2274	413.367939643963
2275	413.3662293640237
2276	413.3682197489668
2277	413.3646968101275
2278	413.3659111591799
2279	413.3649137275088
2280	413.36171335169894
2281	413.3603814583269
2282	413.36124354885936
2283	413.3599422334421
2284	413.3611681820876
2285	413.36492433916436
2286	413.3657490498311
2287	413.3665621437599
2288	413.3644883052987
2289	413.3620582255746
2290	413.3647239520771
2291	413.36553405162033
2292	413.36705998714416
2293	413.36609016634424
2294	413.3610737541206
2295	413.3578831231258
2296	413.35724646026523
2297	413.36135650975865
2298	413.3651159978192
2299	413.36737377481995
2300	413.36641582798416
2301	413.3719794169686
2302	413.3742410773393
2303	413.37038986859216
2304	413.3658045824049
2305	413.3735189557679
2306	413.3772372669584
2307	413.38128238261527
2308	413.379957197448
2309	413.3825689922004
2310	413.38051635008475
2311	413.37701471685017
2312	413.3778346528943
2313	413.3750559914778
2314	413.36905635250474
2315	413.3734730696337
2316	413.37899891080855
2317	413.37518598157095
2318	413.3723778431751
2319	413.3789894229109
2320	413.37978463627394
2321	413.37733525925813
2322	413.380662180991
2323	413.37825355071124
2324	413.37904747434607
2325	413.38171753550773
2326	413.38286765643545
2327	413.3833109595023
2328	413.3798246848868
2329	413.3817269320033
2330	413.3832877905987
2331	413.38268797812884
2332	413.3842101776513
2333	413.3850073573276
2334	413.38617079742545
2335	413.38841250508375
2336	413.3849199006624
2337	413.3868435538976
2338	413.39048456158906
2339	413.3902091631281
2340	413.39104534690614
2341	413.39223093546906
2342	413.3976435535111
2343	413.40559257798725
2344	413.41600871575565
2345	413.41465703551967
2346	413.41477029706624
2347	413.4187798327955
2348	413.4206640561307
2349	413.4257898196444
2350	413.42548931451654
2351	413.4276645135237
2352	413.428133846278
2353	413.42749954809136
2354	413.4258335679379
2355	413.4344205181614
2356	413.4451259683112
2357	413.43987122364666
2358	413.4399182751618
2359	413.4364196154887
2360	413.43293519605754
2361	413.4294664328664
2362	413.43204860626076
2363	413.43250308935995
2364	413.43329669274874
2365	413.43831760984733
2366	413.43800628288113
2367	413.43735963005184
2368	413.43777913300664
2369	413.44176875227254
2370	413.4453704097918
2371	413.4474893749283
2372	413.44513037236294
2373	413.4451833856546
2374	413.43757278031717
2375	413.4380054270797
2376	413.44018853028456
2377	413.44342418281724
2378	413.4431511145924
2379	413.4435436110079
2380	413.44779762879534
2381	413.44960666937374
2382	413.44931598496186
2383	413.4497334043
2384	413.44877664374224
2385	413.4495412925025
2386	413.44686310984974
2387	413.44523670322627
2388	413.44387652069395
2389	413.4449783391344
2390	413.4453945093501
2391	413.44790492306333
2392	413.448308828891
2393	413.4532568030053
2394	413.45573515860406
2395	413.454745617883
2396	413.4586305925209
2397	413.4548957450042
2398	413.4605635893454
2399	413.45856864389987
2400	413.4586227510762
2401	413.45624849048545
2402	413.46113474406485
2403	413.46468096228966
2404	413.4654461614727
2405	413.4665645272446
2406	413.4663365316328
2407	413.4702064368754
2408	413.46994370530336
2409	413.47136965988045
2410	413.47211587959316
2411	413.47076218275777
2412	413.47429096173903
2413	413.4754068099926
2414	413.4789560651033
2415	413.47489383369606
2416	413.48013546858846
2417	413.4794724153044
2418	413.47985799972764
2419	413.48164611184535
2420	413.47719521883977
2421	413.4724663143111
2422	413.47355274361996
2423	413.4805029291597
2424	413.4857156802354
2425	413.4898660808406
2426	413.4902756821841
2427	413.4896167815489
2428	413.4921163076813
2429	413.49254544952026
2430	413.49567309025184
2431	413.4946789528625
2432	413.4988592640031
2433	413.4989287418046
2434	413.500683980938
2435	413.5000741966114
2436	413.49908312237676
2437	413.4974176875754
2438	413.4994943040552
2439	413.50466671908816
2440	413.50543540557607
2441	413.50684854298635
2442	413.5072031987971
2443	413.50106079960244
2444	413.49976618946187
2445	413.5004858793326
2446	413.5001864167447
2447	413.5009025957194
2448	413.5009447537984
2449	413.5071028722952
2450	413.5095653676968
2451	413.5150299651685
2452	413.5150703581365
2453	413.51443044606305
2454	413.5209109049717
2455	413.52197726793094
2456	413.525094281667
2457	413.5315077579267
2458	413.53490608474385
2459	413.5363226896525
2460	413.5339243308891
2461	413.5296120542676
2462	413.5259398560047
2463	413.52461396786305
2464	413.51792322387263
2465	413.5166111161411
2466	413.5179604735598
2467	413.5176254243303
2468	413.51968755069987
2469	413.5214051137117
2470	413.5177601850393
2471	413.51677187613376
2472	413.51782194130595
2473	413.5178542072507
2474	413.5185525244828
2475	413.5269859560944
2476	413.5213036651701
2477	413.51829672879325
2478	413.5183163961829
2479	413.5183807437776
2480	413.5224283251262
2481	413.52618785949653
2482	413.52014405182655
2483	413.5174896930552
2484	413.5152213336799
2485	413.51590694599406
2486	413.5132791813168
2487	413.5062857672374
2488	413.50463004286723
2489	413.50064461013574
2490	413.5020225058482
2491	413.503768549696
2492	413.5044623762708
2493	413.5065373719782
2494	413.5029078439408
2495	413.507976160662
2496	413.5060209820005
2497	413.50538663913994
2498	413.50708621939594
2499	413.5031344993656
2500	413.5095478320143
2501	413.50626409507333
2502	413.5099440188985
2503	413.5116341838565
2504	413.51028608067344
2505	413.5126730863041
2506	413.50938143599217
2507	413.5081454288434
2508	413.51085725670373
2509	413.5145517786545
2510	413.51422878987734
2511	413.5142405897365
2512	413.5152710205685
2513	413.5159491064217
2514	413.5156502222627
2515	413.5157120417973
2516	413.51603151267284
2517	413.51939461300867
2518	413.5244124295569
2519	413.52378153834525
2520	413.5284488928258
2521	413.5265158749116
2522	413.5312017218203
2523	413.53488533135334
2524	413.5302983714418
2525	413.52798081676934
2526	413.52765596869244
2527	413.5230614846285
2528	413.52310675481266
2529	413.5241622887733
2530	413.51924496843645
2531	413.51994450462985
2532	413.5239527221644
2533	413.5233228748106
2534	413.523355822198
2535	413.5233561948084
2536	413.523720260185
2537	413.52377455398795
2538	413.5278089019342
2539	413.52949154286847
2540	413.52523991455195
2541	413.5263135895185
2542	413.52567050409164
2543	413.52961824427524
2544	413.5273708997196
2545	413.5208315116864
2546	413.51988321181915
2547	413.5195816943365
2548	413.51704769283356
2549	413.51210716001253
2550	413.51476450391186
2551	413.5171039790596
2552	413.5144911668829
2553	413.50969746782334
2554	413.5195080729701
2555	413.52669724845515
2556	413.5237870265902
2557	413.52742243170366
2558	413.5268181624383
2559	413.5281447460379
2560	413.53274981539033
2561	413.5285698608902
2562	413.526975802756
2563	413.5240780594819
2564	413.52120338751996
2565	413.51795838845175
2566	413.520908858092
2567	413.52357126886113
2568	413.5193954488481
2569	413.5197145674911
2570	413.5217175616765
2571	413.52789923328845
2572	413.5275898085955
2573	413.5308579880372
2574	413.5318544578936
2575	413.53027236025736
2576	413.52801261932285
2577	413.5250977073993
2578	413.5257792735236
2579	413.52550493361633
2580	413.52300564203915
2581	413.52496748780675
2582	413.52242740454665
2583	413.51956285053825
2584	413.5199218003876
2585	413.51994262287195
2586	413.52384904096056
2587	413.52677264876723
2588	413.52680764022
2589	413.5271797814178
2590	413.5339914403447
2591	413.53337826255284
2592	413.53598667572635
2593	413.53379358259707
2594	413.5344547846072
2595	413.53354197262183
2596	413.53615427258086
2597	413.53423343809146
2598	413.5339374247051
2599	413.5365300649337
2600	413.5378330183218
2601	413.54140511704776
2602	413.5411626453829
2603	413.5398830670261
2604	413.5408935867929
2605	413.5437771315605
2606	413.5447142102559
2607	413.54440143051795
2608	413.54538415672164
2609	413.54607986017953
2610	413.5505848054852
2611	413.55411873945275
2612	413.55474564566464
2613	413.5541404301798
2614	413.55799417131163
2615	413.5548317499562
2616	413.5510189842739
2617	413.55133325867087
2618	413.55358614541416
2619	413.55362322082124
2620	413.54856022817364
2621	413.5451054664085
2622	413.5425665402674
2623	413.54098907008324
2624	413.5429128943822
2625	413.543285818277
2626	413.54012726413407
2627	413.53983585345793
2628	413.54118998442914
2629	413.5421357292137
2630	413.542170646571
2631	413.5431535703332
2632	413.5447393809524
2633	413.543199002699
2634	413.5432095805031
2635	413.5435446963577
2636	413.54357932915946
2637	413.54704487295623
2638	413.5492959417377
2639	413.5502617339854
2640	413.5512386248269
2641	413.5525499679792
2642	413.5494473233703
2643	413.5548584594652
2644	413.55644753097954
2645	413.55704882625093
2646	413.55549659019005
2647	413.5561311687331
2648	413.55297418671273
2649	413.5514501602634
2650	413.55178230079196
2651	413.5486848179703
2652	413.5483659417392
2653	413.5471248312462
2654	413.55154139318773
2655	413.55502264974217
2656	413.559468948891
2657	413.56073099839995
2658	413.5591528756939
2659	413.5563701471255
2660	413.554492742113
2661	413.55889431321765
2662	413.5579985435023
2663	413.5586187088132
2664	413.5586255218769
2665	413.55862856554916
2666	413.5564817504302
2667	413.55618812975104
2668	413.55402785435587
2669	413.55252662506746
2670	413.55286474982887
2671	413.5556793950475
2672	413.5572355981472
2673	413.55979619215833
2674	413.5669969453706
2675	413.5664484061575
2676	413.56864153356423
2677	413.56837672282
2678	413.5640087955995
2679	413.56527112797585
2680	413.5658726367623
2681	413.56930824176845
2682	413.57213026287815
2683	413.57094011841855
2684	413.5703644222047
2685	413.57692005255024
2686	413.5821971373265
2687	413.5871604449284
2688	413.58249021008095
2689	413.58437622157174
2690	413.58624397047333
2691	413.587170395172
2692	413.5859462166333
2693	413.58873425294064
2694	413.5939767752793
2695	413.5964260426748
2696	413.5951804886758
2697	413.5862544321048
2698	413.5853438158458
2699	413.5859873250635
2700	413.5850843582506
2701	413.58631907907306
2702	413.5872392023717
2703	413.58817851959236
2704	413.58845735553666
2705	413.5871952192489
2706	413.58965629227595
2707	413.59366192641215
2708	413.5927451677636
2709	413.5891258082898
2710	413.59468367376445
2711	413.5925188161364
2712	413.5910070448564
2713	413.5931596833935
2714	413.5937608784765
2715	413.5934947333421
2716	413.59256769216915
2717	413.59130719655093
2718	413.5897628944518
2719	413.5882413686039
2720	413.58824201973187
2721	413.5864156066909
2722	413.58734187900734
2723	413.58765172142904
2724	413.5879434166508
2725	413.58033279538387
2726	413.5757897688282
2727	413.57118098112954
2728	413.5724665155086
2729	413.5724779161815
2730	413.5703226088056
2731	413.5675751763052
2732	413.5715820334099
2733	413.5737328869459
2734	413.571002360896
2735	413.5746474070488
2736	413.5740407951603
2737	413.5761806786874
2738	413.5783417800067
2739	413.57838097035795
2740	413.57899596780305
2741	413.5829553399281
2742	413.58051116201784
2743	413.57959675660373
2744	413.5805126330556
2745	413.57991075584675
2746	413.5890243405931
2747	413.58934063264144
2748	413.5866204338137
2749	413.58661864313154
2750	413.591477541008
2751	413.5881842479614
2752	413.58787443663044
2753	413.5918124715932
2754	413.5915607119399
2755	413.5930504410124
2756	413.59032959755166
2757	413.5869950651857
2758	413.58821094913907
2759	413.589453782301
2760	413.5885363669047
2761	413.58914060590774
2762	413.58911052518897
2763	413.5897080435491
2764	413.58847672048296
2765	413.58336477897404
2766	413.5882121184831
2767	413.5945487045343
2768	413.59755884814456
2769	413.59609214037914
2770	413.5954943819963
2771	413.6018221183506
2772	413.6003241764311
2773	413.60366248637
2774	413.6024501184295
2775	413.60637223528556
2776	413.6108602567036
2777	413.61474668163106
2778	413.6135498708886
2779	413.61023679478336
2780	413.61263565871946
2781	413.615354661212
2782	413.61414653321657
2783	413.61681960607126
2784	413.6090486643107
2785	413.60997592731167
2786	413.60699538345085
2787	413.6082194460918
2788	413.606466674474
2789	413.6082721314204
2790	413.60318656283164
2791	413.6043655963258
2792	413.60673541474677
2793	413.60909664109596
2794	413.61357911690885
2795	413.61865992256634
2796	413.62431496559765
2797	413.6219456017081
2798	413.62696886387664
2799	413.62876910710975
2800	413.6263877910743
2801	413.6257584586732
2802	413.62486870461623
2803	413.6272437536487
2804	413.62665308721245
2805	413.627818943805
2806	413.626619615911
2807	413.62067181384356
2808	413.6227297758683
2809	413.6224216915488
2810	413.6220776619694
2811	413.6176254732728
2812	413.62028983680597
2813	413.6221031955346
2814	413.62330722410223
2815	413.61796118869574
2816	413.61885660533153
2817	413.61706489121
2818	413.61705724281063
2819	413.61761555629107
2820	413.6161087673214
2821	413.6146073148957
2822	413.61518934427346
2823	413.6128656424233
2824	413.6069452664222
2825	413.60545991507104
2826	413.6060062953994
2827	413.6048159110288
2828	413.6066199957292
2829	413.60570443842016
2830	413.60630893790074
2831	413.6071979749302
2832	413.61164436091303
2833	413.6173045625444
2834	413.61586145436945
2835	413.6170634300701
2836	413.61587504477
2837	413.6217239792774
2838	413.62377022768095
2839	413.6266781061468
2840	413.6299352401342
2841	413.6240355657014
2842	413.6269725080228
2843	413.6266595495777
2844	413.62783410024423
2845	413.63076041985573
2846	413.628389380871
2847	413.630442731083
2848	413.6289437665396
2849	413.63125908555446
2850	413.63214140310333
2851	413.63301183408606
2852	413.63008720112373
2853	413.6277615963264
2854	413.6301076435501
2855	413.6315110343228
2856	413.63298912972823
2857	413.63122004733833
2858	413.6262338890824
2859	413.6320369606987
2860	413.63231789600997
2861	413.6287973879036
2862	413.62529133058666
2863	413.6281907004065
2864	413.6307892310926
2865	413.62761180667945
2866	413.63110277282624
2867	413.63458796030255
2868	413.629070414972
2869	413.62759148765707
2870	413.6261351806718
2871	413.6229531882935
2872	413.62990937393727
2873	413.62993161119107
2874	413.6304802663416
2875	413.6307880501759
2876	413.6287727078425
2877	413.63512684416384
2878	413.6385793861017
2879	413.6458173877922
2880	413.64288055611763
2881	413.64055053250166
2882	413.64520324744564
2883	413.6422755038615
2884	413.6385075143692
2885	413.63679183250485
2886	413.63734729707244
2887	413.64136204719546
2888	413.6453695964377
2889	413.6439118557194
2890	413.64129005331915
2891	413.64304353863423
2892	413.64159949513976
2893	413.6439147316565
2894	413.64332750929674
2895	413.6464650476888
2896	413.6455760020971
2897	413.64613933409555
2898	413.6421039427833
2899	413.6432411951031
2900	413.64412203860047
2901	413.6438382950911
2902	413.64700280426337
2903	413.64811369771144
2904	413.64696892462126
2905	413.64695249808267
2906	413.64464331909807
2907	413.64466249436026
2908	413.6451893727643
2909	413.6440276314702
2910	413.64376471605675
2911	413.6405948065087
2912	413.6400411440575
2913	413.638922659091
2914	413.6435052840134
2915	413.6477760841081
2916	413.65260088034415
2917	413.654291434146
2918	413.6534086785534
2919	413.6528139744583
2920	413.6528083971335
2921	413.65535957230276
2922	413.65364493366445
2923	413.6590452124235
2924	413.658738994065
2925	413.65956675688915
2926	413.66267907286755
2927	413.6609602854504
2928	413.6638041427755
2929	413.6652043778513
2930	413.6717334323343
2931	413.67396937660396
2932	413.67279801556384
2933	413.6724515244455
2934	413.67187646800096
2935	413.6712880667325
2936	413.672132435768
2937	413.6738035965989
2938	413.6717973957976
2939	413.67489856560627
2940	413.6771665163419
2941	413.6793941153102
2942	413.6793489523614
2943	413.67853826998567
2944	413.67879766986744
2945	413.67510424564773
2946	413.6793487209403
2947	413.6821258163692
2948	413.68069618494974
2949	413.68035905344504
2950	413.68432300849037
2951	413.6927632062296
2952	413.6938517068838
2953	413.6957961093235
2954	413.6968485705037
2955	413.70273286425146
2956	413.7018462842657
2957	413.7023482445445
2958	413.70232954219074
2959	413.7036674616133
2960	413.70958691830134
2961	413.7075830188376
2962	413.70948239637937
2963	413.7145396693472
2964	413.71111419488017
2965	413.7130570974808
2966	413.71413365111647
2967	413.71521174227223
2968	413.71322454320756
2969	413.70926177568873
2970	413.70865319264686
2971	413.7038474644154
2972	413.70155743769055
2973	413.70039315332997
2974	413.7004063439034
2975	413.7009209121085
2976	413.696432690376
2977	413.6997362339865
2978	413.701661381287
2979	413.7052434512759
2980	413.7009889695789
2981	413.6990189276597
2982	413.69955411278454
2983	413.6992506790612
2984	413.6975650710377
2985	413.70004233240024
2986	413.70335231662614
2987	413.6994132842839
2988	413.69911693808086
2989	413.70104412168143
2990	413.7001812369189
2991	413.70127079828336
2992	413.70178750381757
2993	413.70177769935583
2994	413.70174595762387
2995	413.7011570285552
2996	413.7063995265123
2997	413.70136276996567
2998	413.7027435704519
2999	413.70299668854545
3000	413.70268665373715
3001	413.7078949623362
3002	413.7109159414179
3003	413.71309947863926
3004	413.71721594886856
3005	413.71583677755825
3006	413.7188411876143
3007	413.71771575683107
3008	413.7182714628667
3009	413.71989974548245
3010	413.72483725482715
3011	413.7242341277131
3012	413.72253573355897
3013	413.7219634614493
3014	413.7235796312222
3015	413.7227131580963
3016	413.72268815374974
3017	413.720718266565
3018	413.72509245656977
3019	413.72532826960355
3020	413.7272390255147
3021	413.73080114681164
3022	413.72742380609145
3023	413.7279467566091
3024	413.7295375258348
3025	413.7297886828611
3026	413.7333444609362
3027	413.73549092201273
3028	413.73712231262175
3029	413.7356889139625
3030	413.73813925823436
3031	413.73974107557325
3032	413.7416273509773
3033	413.74186741431083
3034	413.73962028220984
3035	413.7439627471825
3036	413.742011466413
3037	413.7392332733136
3038	413.7406039112002
3039	413.7435592633877
3040	413.74407362001955
3041	413.73856979261507
3042	413.74154891894545
3043	413.75054591425607
3044	413.7516134575466
3045	413.7551334977662
3046	413.75699810187444
3047	413.7605018590767
3048	413.76125145715736
3049	413.76474923949985
3050	413.7682422339155
3051	413.7700846465872
3052	413.77275860790263
3053	413.775735262674
3054	413.78001456168414
3055	413.78461171227286
3056	413.78726823328435
3057	413.7893594062323
3058	413.7852301070197
3059	413.7821730146293
3060	413.7859347614819
3061	413.78914949040313
