step	episode_duration
0	23.25581395348837
1	22.303370786516854
2	22.522727272727273
3	22.370786516853933
4	22.654545454545456
5	22.711026615969583
6	22.93092105263158
7	22.83381088825215
8	22.70126582278481
9	22.668181818181818
10	22.673553719008265
11	22.623818525519848
12	22.577391304347827
13	22.54604200323102
14	22.4796992481203
15	22.470422535211267
16	22.50066401062417
17	22.479349186483105
18	22.486358244365363
19	22.39169472502806
20	22.347547974413647
21	22.422448979591838
22	22.495107632093934
23	22.515947467166978
24	22.504050405040505
25	22.569444444444443
26	22.58361204013378
27	22.54830917874396
28	22.537684537684537
29	22.594126506024097
30	22.571740713765475
31	22.58151023288638
32	22.56908344733242
33	22.58471760797342
34	22.623544631306597
35	22.592964824120603
36	22.561928004881025
37	22.5650623885918
38	22.593623188405797
39	22.58361581920904
40	22.56694214876033
41	22.56827956989247
42	22.5925341745531
43	22.60719794344473
44	22.613876319758674
45	22.56602847324497
46	22.60875842155919
47	22.600094206311823
48	22.602215043839408
49	22.574525745257453
50	22.577945084145263
51	22.56317846287451
52	22.571793779292715
53	22.572982015892933
54	22.576591375770022
55	22.581048387096775
56	22.583597464342315
57	22.578435188789413
58	22.564435946462716
59	22.582611968385397
60	22.586079229914848
61	22.576629049872587
62	22.564469914040114
63	22.54350123282846
64	22.527209705372616
65	22.52013651877133
66	22.5
67	22.48445767195767
68	22.49233778937072
69	22.482005141388175
70	22.467701076630778
71	22.45848938826467
72	22.450153846153846
73	22.42965433596119
74	22.42536643733174
75	22.39622641509434
76	22.390747745126564
77	22.393739230327398
78	22.38718820861678
79	22.373706293706295
80	22.377624309392264
81	22.37380627557981
82	22.373955244001078
83	22.36893979754928
84	22.35622204682978
85	22.341647181085996
86	22.328798767967147
87	22.317778341364445
88	22.299674267100976
89	22.293039385682437
90	22.288023512123438
91	22.276755447941888
92	22.26550155614077
93	22.244912446758164
94	22.22409356725146
95	22.20536540240518
96	22.187557182067703
97	22.171266968325792
98	22.15894336243564
99	22.143743078626798
100	22.138127603595702
101	22.12912326388889
102	22.121589688506983
103	22.11657094235269
104	22.10718045904401
105	22.099874895746456
106	22.095415117719952
107	22.092471358428806
108	22.074539193842416
109	22.063390170511536
110	22.05344724816213
111	22.048228346456693
112	22.04291008386971
113	22.03459605720912
114	22.025857115495114
115	22.016514806378133
116	22.00978547233722
117	22.0
118	21.993529303013496
119	21.98442367601246
120	21.975658492279745
121	21.962729564277996
122	21.956436350651668
123	21.94583112055231
124	21.93121600280751
125	21.923947093630353
126	21.913891285591028
127	21.902977412731005
128	21.891887304820095
129	21.874642436479892
130	21.8619826435247
131	21.84624296590533
132	21.835166639303893
133	21.82909742587162
134	21.81447963800905
135	21.80246913580247
136	21.792554883868917
137	21.786706662456584
138	21.778439360701974
139	21.76939822733634
140	21.760765550239235
141	21.753945150911598
142	21.750684514755097
143	21.745394140742977
144	21.736771098785788
145	21.729126358089
146	21.723174697014485
147	21.71112089201878
148	21.69982522575007
149	21.68883747831116
150	21.678868791271892
151	21.66733181299886
152	21.66109852774632
153	21.64567814476458
154	21.639676113360323
155	21.640449438202246
156	21.62970106075217
157	21.61896292242441
158	21.6215664944248
159	21.616049716292896
160	21.60426731078905
161	21.600613415122016
162	21.592474827768946
163	21.584309595893117
164	21.576641381114307
165	21.569850552306693
166	21.561910910264686
167	21.551507376523414
168	21.54360020397756
169	21.540547389761784
170	21.535768261964737
171	21.524590163934427
172	21.513305147973142
173	21.50778739184178
174	21.505714636844047
175	21.50030543677459
176	21.493077483604566
177	21.485693589279247
178	21.476659066362654
179	21.471486518730615
180	21.461520218190444
181	21.45567083235086
182	21.44631973745898
183	21.441724941724942
184	21.435392281840304
185	21.428439732657296
186	21.419521136441745
187	21.412917188745872
188	21.403510758776896
189	21.399369298344407
190	21.392809139784948
191	21.382670676021828
192	21.374238564625095
193	21.368693544833665
194	21.361415425065733
195	21.360326975476838
196	21.353170731707316
197	21.348393357774423
198	21.342808108977795
199	21.33379560486452
200	21.324880636604775
201	21.316939313984168
202	21.311601049868766
203	21.305932734489243
204	21.300737815650006
205	21.29453116923395
206	21.286022832459118
207	21.282570872991506
208	21.27583749109052
209	21.27193515704154
210	21.264892651950408
211	21.261785356068206
212	21.26023158315033
213	21.257599841049075
214	21.253880375679685
215	21.25277969103611
216	21.24752766082444
217	21.242813992010134
218	21.2377812257564
219	21.232989093716824
220	21.22960899221827
221	21.225973032418477
222	21.22272986864649
223	21.218758882046423
224	21.212898359419196
225	21.206249413531012
226	21.200523022321846
227	21.199442119944212
228	21.19231837112448
229	21.18767274737424
230	21.182335137118223
231	21.17536972795326
232	21.167454115936764
233	21.162807525325615
234	21.161999099504726
235	21.15850815850816
236	21.156579182288876
237	21.152506221116244
238	21.147407538488764
239	21.141737138830162
240	21.1382334882905
241	21.132390184263382
242	21.128695652173914
243	21.12250021643148
244	21.116876400620583
245	21.11302780638517
246	21.11041791299889
247	21.106468085106382
248	21.10356809899144
249	21.097645370917377
250	21.093461085896788
251	21.08947104117844
252	21.08877959319773
253	21.084841441142288
254	21.078779862775896
255	21.075992096163347
256	21.070181192096417
257	21.068185529968968
258	21.064492517892
259	21.062130417172945
260	21.06148632292423
261	21.05786850988587
262	21.0537944284342
263	21.048875777387977
264	21.043916772554002
265	21.040816326530614
266	21.034507208697708
267	21.030526563603548
268	21.02861163227017
269	21.024139542127394
270	21.01768264308981
271	21.01174198532252
272	21.006386580486303
273	21.00352625527022
274	21.001527533796686
275	20.999467356566733
276	20.9962095368054
277	20.99342949928253
278	20.99059513956813
279	20.985759256483284
280	20.983646953405017
281	20.98021127808362
282	20.97546876158008
283	20.971055157646017
284	20.966379754285295
285	20.96591159005938
286	20.960923234241474
287	20.954740595212108
288	20.949470784399015
289	20.948128883109376
290	20.942493162516193
291	20.939543889845094
292	20.933909688482423
293	20.930158052114482
294	20.92884001418943
295	20.924006786370704
296	20.9241933211216
297	20.920603720603722
298	20.918427312158947
299	20.919043302419635
300	20.916539263377345
301	20.914190733430292
302	20.909730848861283
303	20.90605873048621
304	20.90547672904243
305	20.90081967213115
306	20.895786535974405
307	20.892476765484023
308	20.890338719491584
309	20.886336073305486
310	20.88242798630229
311	20.88107348413867
312	20.877934898612594
313	20.87356245429768
314	20.870403498310473
315	20.867463514495146
316	20.86395050352136
317	20.85968249803201
318	20.857329671766706
319	20.855438962393272
320	20.85420997920998
321	20.849640613870363
322	20.8452304117723
323	20.84136378256674
324	20.838986854761142
325	20.836433365292425
326	20.832632517838938
327	20.828919794246524
328	20.828869895536563
329	20.827074786999052
330	20.823906888958792
331	20.82044528065224
332	20.81775554860894
333	20.81600598354525
334	20.813171792482137
335	20.809364548494983
336	20.805889979625857
337	20.8026712623869
338	20.798748312676402
339	20.79558382775705
340	20.79007377598927
341	20.785206345347355
342	20.781749878817255
343	20.777059676250303
344	20.774613114951528
345	20.772347961817854
346	20.767789813872763
347	20.763200286379096
348	20.761094586555622
349	20.758956109134044
350	20.75659373151981
351	20.75442216981132
352	20.75273368606702
353	20.7514508470602
354	20.748845636799345
355	20.744988344988347
356	20.743854959614154
357	20.7424532128165
358	20.74025073661101
359	20.73703917050691
360	20.73599862140272
361	20.73457815453348
362	20.73101085094232
363	20.72858769931663
364	20.726973310618966
365	20.723118736198405
366	20.720286827395405
367	20.71788086927148
368	20.71498343906136
369	20.711822660098523
370	20.708528689439607
371	20.706930141942667
372	20.70719520319787
373	20.704589492332392
374	20.703677120141343
375	20.703485490887065
376	20.69880311848029
377	20.696561541830924
378	20.693420693420695
379	20.69051508221714
380	20.687462670358908
381	20.687679393447063
382	20.68735483173986
383	20.685971339295335
384	20.682963520120346
385	20.68029361337334
386	20.679527601132904
387	20.676881261991046
388	20.67497608164133
389	20.672444868532654
390	20.672641708967852
391	20.669725254442863
392	20.6676484510598
393	20.667243730983106
394	20.66551561764244
395	20.664335664335663
396	20.662866958151156
397	20.659156976744185
398	20.655415199834334
399	20.653018020343882
400	20.64982748854215
401	20.647663071391886
402	20.645338114754097
403	20.643094374329365
404	20.64045459178473
405	20.638013420089468
406	20.635704507427874
407	20.63249721856984
408	20.63128688896736
409	20.628276729559747
410	20.62483063180609
411	20.62291635380688
412	20.622440826924997
413	20.62108985853756
414	20.620273291925464
415	20.620581965994152
416	20.618769778481013
417	20.616898490677716
418	20.61562684510923
419	20.613693251533743
420	20.612661574618098
421	20.612025594685683
422	20.61114901081766
423	20.607193195625758
424	20.605158537767867
425	20.605591564283642
426	20.60444916276601
427	20.60086642599278
428	20.59923169267707
429	20.596809733665452
430	20.5940650833851
431	20.592096482028794
432	20.58798915886073
433	20.58785578747628
434	20.587202423209806
435	20.58678817640948
436	20.584295068067266
437	20.58136365772285
438	20.57858716542446
439	20.575897867564535
440	20.574321171969768
441	20.572538980684197
442	20.57211851026284
443	20.570700518902893
444	20.56878062309328
445	20.56841765438362
446	20.566833847144895
447	20.566175457925905
448	20.56375377851058
449	20.562100164503747
450	20.562329016961517
451	20.560595032299155
452	20.558182808387038
453	20.55585238849898
454	20.552965623164837
455	20.551153776816296
456	20.549824624516592
457	20.549129576453698
458	20.54873080539016
459	20.545580418955737
460	20.54300356506239
461	20.540571784269265
462	20.538505900097597
463	20.53749114730878
464	20.53570639932871
465	20.53536332789847
466	20.533107632782272
467	20.53321340821341
468	20.531628945409974
469	20.53038046564452
470	20.528852859135284
471	20.528291219066674
472	20.528145479796883
473	20.52589641434263
474	20.524716964825856
475	20.524556940192316
476	20.523557506131407
477	20.522562363144562
478	20.521679520137102
479	20.521569968788747
480	20.518535898639136
481	20.516856802315683
482	20.5158015461728
483	20.515047473719903
484	20.513217442794907
485	20.512049972565737
486	20.511603419955357
487	20.511180228648286
488	20.511786912751678
489	20.509857268427442
490	20.508875986800884
491	20.506710570190062
492	20.504346379403568
493	20.501805353807843
494	20.500724787740733
495	20.499938003719777
496	20.499113219220458
497	20.49763325787199
498	20.496734442390636
499	20.495634351301497
500	20.49486602577214
501	20.49342749836708
502	20.491587566708763
503	20.489755264655663
504	20.488437195715676
505	20.487083974410883
506	20.48783641800695
507	20.485824898173167
508	20.485008250493017
509	20.483653305486385
510	20.484205884710974
511	20.48515643754501
512	20.485245377949926
513	20.485512733649514
514	20.4851630867144
515	20.48306935016474
516	20.482884310618065
517	20.483293131401005
518	20.48291104270266
519	20.481232029619125
520	20.481070881000118
521	20.48030291140234
522	20.478873790969963
523	20.477977097744947
524	20.476558233871597
525	20.475495348203513
526	20.474843622518357
527	20.4755109163532
528	20.473276829598667
529	20.472208273784233
530	20.471740303801372
531	20.470409419732185
532	20.46981334971964
533	20.469983899409645
534	20.46786288162828
535	20.466226278208406
536	20.464121031972866
537	20.463788512742486
538	20.46341926420897
539	20.46153846153846
540	20.45985401459854
541	20.458742261814887
542	20.45849817263856
543	20.457448008724757
544	20.456852220262004
545	20.456912701386287
546	20.45452845710867
547	20.45237739792491
548	20.450996461165953
549	20.450658139361938
550	20.449434032287993
551	20.44887752833963
552	20.4470696986504
553	20.446814792943087
554	20.445365458296493
555	20.445224874048467
556	20.443914256350023
557	20.44328423829413
558	20.441344255101296
559	20.439975179764208
560	20.43957445258134
561	20.43930026185627
562	20.437849415523125
563	20.437237280765327
564	20.43603284262307
565	20.435209589486227
566	20.43539842145097
567	20.43362831858407
568	20.432275208273484
569	20.432821909951247
570	20.43194017032849
571	20.43179139131988
572	20.43091460153325
573	20.429684997330487
574	20.428530822526202
575	20.427629012236213
576	20.4272614622057
577	20.425961266610123
578	20.425104071121147
579	20.424742921538243
580	20.421948047383037
581	20.421854165204575
582	20.422321084527272
583	20.421862433122357
584	20.421734273546043
585	20.422059592263462
586	20.421221081927293
587	20.419745798027503
588	20.419830126538393
589	20.41906904308704
590	20.419085129906026
591	20.417554750819107
592	20.415857605177994
593	20.41524608193566
594	20.414773896932683
595	20.413467137034626
596	20.41160381551506
597	20.410764872521245
598	20.410351642360638
599	20.409939789774466
600	20.40986891258575
601	20.408177102756213
602	20.40741868886858
603	20.406176092979255
604	20.40584207508348
605	20.404909421509867
606	20.403677434535613
607	20.403651251761865
608	20.40324309836505
609	20.402301157268045
610	20.401462535060773
611	20.400313343778127
612	20.3996472428367
613	20.399083026014154
614	20.398288500447777
615	20.39766217424418
616	20.397315524993388
617	20.396395801703083
618	20.395466077959735
619	20.3949472022106
620	20.3935960591133
621	20.39270843578899
622	20.391496465043204
623	20.38996176845407
624	20.387864948621758
625	20.387135645660315
626	20.38783208142295
627	20.388189078631257
628	20.387462725269025
629	20.387483010808364
630	20.387548059836515
631	20.388206071163587
632	20.38886204786292
633	20.388860303576024
634	20.389814725620525
635	20.387690334989582
636	20.386909905584893
637	20.386655588930786
638	20.387135883610377
639	20.386678558914408
640	20.38765903307888
641	20.387214582870207
642	20.386803221510558
643	20.387450136136263
644	20.38712226577317
645	20.387849139971596
646	20.38681623392992
647	20.385472048321642
648	20.38514935452461
649	20.383780732563974
650	20.38251041046996
651	20.38118161925602
652	20.380044318217283
653	20.37884831110557
654	20.377177700348433
655	20.376747219978878
656	20.374837189108728
657	20.37454714352067
658	20.3741961414791
659	20.373865530653823
660	20.375080916124656
661	20.374092084205344
662	20.372829794425837
663	20.37248404516446
664	20.37057345913491
665	20.369597797828416
666	20.36900290120629
667	20.368348833663667
668	20.368560467665326
669	20.367513832309843
670	20.366864983001456
671	20.365468541641413
672	20.36509713732373
673	20.36432305042753
674	20.36352117774828
675	20.36306404000241
676	20.36230750721848
677	20.3619436602799
678	20.361921612139025
679	20.362329690073363
680	20.36221743810549
681	20.360919540229887
682	20.359834257437548
683	20.358752269547875
684	20.358397479715872
685	20.359163080575755
686	20.359293504030347
687	20.359305181546475
688	20.358202340148917
689	20.35792051456053
690	20.35640005891884
691	20.356592339824676
692	20.357205804594326
693	20.356769916696
694	20.356785097097333
695	20.35558025269069
696	20.3548274049413
697	20.354874456854567
698	20.355572381257463
699	20.35496815842275
700	20.354452800603966
701	20.353116845462452
702	20.352016444225704
703	20.351565436096095
704	20.351202332496175
705	20.35128279042952
706	20.351776152916116
707	20.350771795682544
708	20.35058411550274
709	20.34949842361708
710	20.349523455164714
711	20.350215794437933
712	20.349611827834227
713	20.350216622962034
714	20.35096208584766
715	20.350150645216303
716	20.350306539509535
717	20.349091630530285
718	20.34824814626139
719	20.34870838279351
720	20.348593039993226
721	20.348308906426155
722	20.347780811122682
723	20.34740451364492
724	20.34811529933481
725	20.34822579741017
726	20.347458575906852
727	20.349331917034718
728	20.348621036176866
729	20.348441768411664
730	20.34758524704245
731	20.34794573858898
732	20.34762935820564
733	20.347157153549745
734	20.345974975085817
735	20.345054459003705
736	20.346208000883465
737	20.34583149536833
738	20.34490543182006
739	20.34526558891455
740	20.344040853306975
741	20.343688308839656
742	20.344048629555598
743	20.3443353660204
744	20.344138288866436
745	20.34311426233979
746	20.34356446429544
747	20.343351374874207
748	20.34291224162751
749	20.342085277205165
750	20.341902104721402
751	20.341818378553846
752	20.340672105462207
753	20.339034259509038
754	20.339125515234784
755	20.338391175679313
756	20.33867110884226
757	20.338511899970484
758	20.338496168069028
759	20.338025530548343
760	20.33716393179753
761	20.33623358599338
762	20.33574988672406
763	20.33451332144473
764	20.333607995321888
765	20.332563571694006
766	20.332396681069905
767	20.332442020544317
768	20.332540123211974
769	20.33245312912596
770	20.332735567921095
771	20.332964601769913
772	20.332772180866453
773	20.332921767456522
774	20.33160186788394
775	20.330722070844686
776	20.329539508110937
777	20.328926051737653
778	20.328305628767517
779	20.327773579004976
780	20.327962726775812
781	20.328350837059375
782	20.32731898543576
783	20.326367643246048
784	20.325867426204038
785	20.32499806056218
786	20.324759174608094
787	20.32470982718597
788	20.32429160226687
789	20.32453432129258
790	20.323047276464543
791	20.322701495984195
792	20.32179283481113
793	20.320102367242484
794	20.320084858398936
795	20.319888698848697
796	20.31942992631874
797	20.319413322468936
798	20.319236051065563
799	20.318644756559063
800	20.31767451298701
801	20.317761507866138
802	20.317005288060116
803	20.31671383806732
804	20.317415446744068
805	20.316427617151067
806	20.316255884796455
807	20.31590857660104
808	20.31578815198011
809	20.316586821841533
810	20.315347811928557
811	20.314953341172348
812	20.31525025612834
813	20.315471585094965
814	20.314854051898198
815	20.314843399890453
816	20.314096029042446
817	20.313300884076686
818	20.312326388888888
819	20.312566573360748
820	20.311932506989287
821	20.312476832975015
822	20.31274836480316
823	20.31406242295745
824	20.312520004924288
825	20.312111152096396
826	20.313371978777756
827	20.3129875864776
828	20.31265314123297
829	20.31249847042412
830	20.312686384747007
831	20.312165824360946
832	20.312134217713616
833	20.311795221510508
834	20.31148896835243
835	20.311175898931
836	20.310378297056612
837	20.309243371625225
838	20.308208070099
839	20.307835505161616
840	20.307954216169225
841	20.30697248148952
842	20.30789429307894
843	20.307651588065447
844	20.308161891943858
845	20.307297167546807
846	20.307343738761418
847	20.30774941328608
848	20.306242525711554
849	20.305128878908768
850	20.30466941852974
851	20.30440170634637
852	20.304277451143747
853	20.30357567400504
854	20.303816105055684
855	20.304063189354586
856	20.30433340441159
857	20.303445501443512
858	20.302637798997825
859	20.302351385806695
860	20.301728406706125
861	20.300730098916627
862	20.301018607824226
863	20.300993914330693
864	20.300999812241834
865	20.30005391593802
866	20.300271611875996
867	20.299398956944735
868	20.298832048586778
869	20.299143703772838
870	20.297732516138055
871	20.296324744547633
872	20.29548519086809
873	20.29509567155861
874	20.29395120141015
875	20.293279588574606
876	20.293294150314697
877	20.292109642229825
878	20.291726303153425
879	20.29125161409334
880	20.291689699649897
881	20.29198205452663
882	20.2923953760945
883	20.291685795611055
884	20.290588100424166
885	20.29025535325776
886	20.290707782403807
887	20.29067934099582
888	20.290409458164056
889	20.29056380092561
890	20.29021018832692
891	20.290803211937853
892	20.289369050053395
893	20.289342290408968
894	20.28922490988642
895	20.288505955346224
896	20.288179679724962
897	20.28789932673625
898	20.287342314896307
899	20.28763356025427
900	20.287969196820608
901	20.28864796779055
902	20.288233840346898
903	20.286910078319607
904	20.287318702503978
905	20.28790559150861
906	20.287286391697236
907	20.287077170561687
908	20.286986408373693
909	20.287274835027645
910	20.286213730598792
911	20.285717463353873
912	20.285015997156062
913	20.284655333126192
914	20.284966856585452
915	20.28352524357839
916	20.283505496693138
917	20.282898806893503
918	20.282719046568086
919	20.281900352733686
920	20.281231419700074
921	20.28070214029608
922	20.280130078442575
923	20.279531188270926
924	20.27993860995396
925	20.280229527584922
926	20.280010501214203
927	20.280010489739723
928	20.280054137833176
929	20.280393396864163
930	20.279798727890565
931	20.278372497824193
932	20.27842378665044
933	20.2776378636561
934	20.278172985165263
935	20.277540674624667
936	20.277484418282548
937	20.27724934065459
938	20.277733388040684
939	20.276472745313747
940	20.276876333311783
941	20.277936839386047
942	20.278117070233538
943	20.277662019633535
944	20.27784215269731
945	20.2765679255798
946	20.2760363138061
947	20.275918122901203
948	20.27602931436019
949	20.27689910567544
950	20.277100213219615
951	20.278079536498606
952	20.278391318225342
953	20.278654026018195
954	20.278485582027436
955	20.277457260425063
956	20.276824307144672
957	20.27657367819498
958	20.276688867745005
959	20.276571476850286
960	20.276659492762796
961	20.275603330171776
962	20.275186861774923
963	20.275660440854786
964	20.275217985082467
965	20.27426700526791
966	20.27357541196696
967	20.273587869394937
968	20.27391986609478
969	20.273335284036282
970	20.272564043677058
971	20.271773588053726
972	20.27210033960456
973	20.271733927196287
974	20.271201946067322
975	20.271445187554523
976	20.271059838990787
977	20.27054531887993
978	20.270741453920532
979	20.27029598527313
980	20.269556593247653
981	20.268798117608206
982	20.26820618556701
983	20.267244752940208
984	20.26682029546109
985	20.26546635425659
986	20.26609309870434
987	20.265691663931737
988	20.26521454038769
989	20.26520920330795
990	20.265122080896486
991	20.264687857493055
992	20.264519815517733
993	20.26384245290712
994	20.263140744964666
995	20.26254221426537
996	20.2628958172432
997	20.26322308176484
998	20.263118395164398
999	20.26293819655522
1000	20.2635531802907
1001	20.26346869438602
1002	20.263242959311487
1003	20.262320887991926
1004	20.262237903225806
1005	20.262261072730567
1006	20.26234456114934
1007	20.262875407067906
1008	20.263058540014057
1009	20.262167475825542
1010	20.262150516083775
1011	20.261462379369718
1012	20.26185142217066
1013	20.26227444397818
1014	20.262272173756813
1015	20.26186582641991
1016	20.262696499372396
1017	20.26239525487152
1018	20.262114493646976
1019	20.26253997894277
1020	20.262577149774753
1021	20.26149362621677
1022	20.261715191126957
1023	20.262277889904627
1024	20.26218198351355
1025	20.261686118845905
1026	20.261911808227286
1027	20.261490854619993
1028	20.26157329920252
1029	20.261375036884036
1030	20.260714917365927
1031	20.260380469992345
1032	20.259747391543108
1033	20.259811509297176
1034	20.260311245962612
1035	20.260017600469347
1036	20.259128294293472
1037	20.258875422058278
1038	20.25905705260695
1039	20.259457669380918
1040	20.258299926049897
1041	20.25759667165659
1042	20.25821614482169
1043	20.259280821253228
1044	20.258951939667707
1045	20.25877864073909
1046	20.25921052631579
1047	20.259274294882946
1048	20.259646954304916
1049	20.25939646523115
1050	20.25914645899996
1051	20.25827074908531
1052	20.25800804170915
1053	20.257721655230736
1054	20.258218757201014
1055	20.25791351724667
1056	20.256865788918915
1057	20.256461803561173
1058	20.25654169854629
1059	20.25658812513138
1060	20.25661537286647
1061	20.25583169619867
1062	20.25589770951637
1063	20.255597014925375
1064	20.25427435765771
1065	20.25434163024891
1066	20.253350290421775
1067	20.253242812713342
1068	20.253770367563472
1069	20.253875712203524
1070	20.25319591527988
1071	20.253703143893592
1072	20.253444826154254
1073	20.25385181134139
1074	20.253669197580873
1075	20.253373990626237
1076	20.252543297166174
1077	20.252155779744125
1078	20.252106833836972
1079	20.25202047666373
1080	20.25116148370176
1081	20.251137022965057
1082	20.2508648254455
1083	20.250896726946646
1084	20.25050859478527
1085	20.25095567531281
1086	20.251043296817944
1087	20.250884115698174
1088	20.250804277080427
1089	20.25079424059452
1090	20.250617169373548
1091	20.249749656937283
1092	20.250152848540992
1093	20.249717723276262
1094	20.249509930835522
1095	20.24823101224897
1096	20.24847254268574
1097	20.248243430152144
1098	20.248816170102998
1099	20.24862397143015
1100	20.248432126239127
1101	20.248722942927493
1102	20.248623145836394
1103	20.248376802024872
1104	20.248130909623985
1105	20.248050236168577
1106	20.24852752880922
1107	20.247688315485544
1108	20.246905466097054
1109	20.24655260469867
1110	20.246309727739913
1111	20.246786351553112
1112	20.24586168006694
1113	20.24619243211806
1114	20.246059703660663
1115	20.246371552975326
1116	20.246605883739058
1117	20.246323795726187
1118	20.246467278221065
1119	20.24646143278078
1120	20.246225256465827
1121	20.246648019489307
1122	20.246461732624176
1123	20.24649637929171
1124	20.24663895038065
1125	20.246102670142946
1126	20.24564366040312
1127	20.24523933449396
1128	20.244710228087794
1129	20.244132717044682
1130	20.24391422639078
1131	20.24353517650846
1132	20.24346054888508
1133	20.243243243243242
1134	20.242883641292718
1135	20.244181487685783
1136	20.243803860123922
1137	20.244142813939835
1138	20.24370823261766
1139	20.24340306140569
1140	20.243258108012206
1141	20.24264823185323
1142	20.24272102578634
1143	20.242506281629332
1144	20.24268514753461
1145	20.242272229483874
1146	20.242486278523906
1147	20.242466453899457
1148	20.24210767387781
1149	20.241969267597206
1150	20.242042137103866
1151	20.241262980338412
1152	20.241516125068028
1153	20.24098435417105
1154	20.241092865529872
1155	20.241520600956065
1156	20.241680954547046
1157	20.24155712487764
1158	20.24127632819868
1159	20.24152372310538
1160	20.24200156917444
1161	20.242282767751377
1162	20.24210672886135
1163	20.24217866893901
1164	20.242406866833473
1165	20.24181032237904
1166	20.241370936968814
1167	20.24086301013777
1168	20.240585230715954
1169	20.240658085945608
1170	20.24013481980814
1171	20.239193879841814
1172	20.23887987853273
1173	20.239074594445498
1174	20.239165633181756
1175	20.239045881664545
1176	20.238548043194168
1177	20.23844620829468
1178	20.237756836088366
1179	20.237432898279796
1180	20.23746936957006
1181	20.237561209464783
1182	20.237563295470096
1183	20.237514101117835
1184	20.237673981726584
1185	20.23719819128061
1186	20.237102328911924
1187	20.237436543899697
1188	20.237889361702127
1189	20.237789115646258
1190	20.23689934071909
1191	20.236630335132933
1192	20.23629393404804
1193	20.235903259156313
1194	20.236012328117592
1195	20.2358803424588
1196	20.235030598099875
1197	20.235498800716194
1198	20.235266320124214
1199	20.235135408586558
1200	20.234785685402347
1201	20.234264262747672
1202	20.234100886414478
1203	20.233736114145504
1204	20.233502367599154
1205	20.233545291344395
1206	20.232905875450506
1207	20.232606438213914
1208	20.23241569743118
1209	20.232000133765844
1210	20.232177762927073
1211	20.23222155448718
1212	20.23254882991677
1213	20.232067862142525
1214	20.232298674482116
1215	20.23249197184739
1216	20.232165716280694
1217	20.23120110293507
1218	20.231225001244752
1219	20.230780711063943
1220	20.230254328556043
1221	20.23016306597136
1222	20.230108843087304
1223	20.22998859560683
1224	20.229497638471447
1225	20.229258794799023
1226	20.22980280947042
1227	20.22931321351498
1228	20.228824439543075
1229	20.228804499777972
1230	20.22899822520213
1231	20.22942528735632
1232	20.22883580522378
1233	20.229110998180357
1234	20.22909090909091
1235	20.22885433715221
1236	20.228487326246935
1237	20.22810084802536
1238	20.22756807940965
1239	20.227366154448468
1240	20.227278654322596
1241	20.22708099216625
1242	20.22707523067159
1243	20.22715077803613
1244	20.226820035417784
1245	20.22706168831169
1246	20.22702720238771
1247	20.226320907617502
1248	20.226825160329078
1249	20.2266740023949
1250	20.22691480589196
1251	20.227841147768768
1252	20.228129086418157
1253	20.228154791670026
1254	20.22772548513958
1255	20.227755141481328
1256	20.227929580637895
1257	20.227846472962327
1258	20.22775983676355
1259	20.22756096386316
1260	20.22747834456208
1261	20.227976533948837
1262	20.228169645717216
1263	20.22837480995439
1264	20.22830414967618
1265	20.227475354306804
1266	20.227613072145857
1267	20.227802061066267
1268	20.227361843887977
1269	20.22801624591861
1270	20.227401489591955
1271	20.227577762228865
1272	20.22744823860296
1273	20.22741418182973
1274	20.228466261562136
1275	20.22781820199426
1276	20.22802154284809
1277	20.228031022475466
1278	20.22749916971106
1279	20.227208798849574
1280	20.228452768215266
1281	20.228639053254437
1282	20.228572780020183
1283	20.228569628030815
1284	20.228515655746737
1285	20.228654124457307
1286	20.228203637049496
1287	20.227483313702393
1288	20.22784551888643
1289	20.228234962052312
1290	20.228247755441
1291	20.22762712925852
1292	20.2269570114511
1293	20.227177515162882
1294	20.227156290025302
1295	20.22716631289799
1296	20.227686021304137
1297	20.2268279000187
1298	20.226464451434087
1299	20.225895788278127
1300	20.22570113798893
1301	20.225669147002627
1302	20.225462955776663
1303	20.22522606362353
1304	20.225476976488274
1305	20.224973672799354
1306	20.22462590718475
1307	20.22526325555504
1308	20.22518193476615
1309	20.22520881258588
1310	20.224661380395546
1311	20.224222712068194
1312	20.22417325139011
1313	20.223800655656966
1314	20.224001107317523
1315	20.223659945906075
1316	20.223814130618386
1317	20.223657761887956
1318	20.22340963800003
1319	20.223284460173737
1320	20.223346601347213
1321	20.223653413697622
1322	20.22294064596995
1323	20.22230877321603
1324	20.222432502556433
1325	20.222403538203448
1326	20.222450814550665
1327	20.222125780417237
1328	20.22189592209373
1329	20.221818458263645
1330	20.221509852478693
1331	20.221709427660542
1332	20.221908706139352
1333	20.222644998938847
1334	20.222506665050897
1335	20.22226258589895
1336	20.22221550003025
1337	20.221466569943175
1338	20.2212875847592
1339	20.220999894366727
1340	20.220513284477818
1341	20.220425814034083
1342	20.22118497327411
1343	20.22074444076671
1344	20.220033976276742
1345	20.21968513399832
1346	20.21953526074034
1347	20.2192506149877
1348	20.219116280464043
1349	20.21861941919154
1350	20.218444131820767
1351	20.21859484357241
1352	20.218051404662283
1353	20.218417751762036
1354	20.218344325405116
1355	20.219253250626267
1356	20.218639648364746
1357	20.218807694598297
1358	20.218284609090233
1359	20.217476623009798
1360	20.21689592679521
1361	20.216612982232185
1362	20.21720040939229
1363	20.216784253275627
1364	20.216368725840134
1365	20.21583542992452
1366	20.21590085626821
1367	20.216143524265533
1368	20.215954399125785
1369	20.21579506551765
1370	20.215801347744666
1371	20.215539216408565
1372	20.216273522395973
1373	20.216411871165192
1374	20.216370399776512
1375	20.21619675888515
1376	20.215682532225387
1377	20.21571504019717
1378	20.215527604304103
1379	20.21572447738892
1380	20.215639775738147
1381	20.216234402656486
1382	20.216550453887645
1383	20.216257668711656
1384	20.215936127045293
1385	20.216015169194865
1386	20.21625442726173
1387	20.21677639244931
1388	20.216414869152622
1389	20.216420623954622
1390	20.216382768443694
1391	20.216225636854794
1392	20.215275661398696
1393	20.214971431886074
1394	20.214653161181875
1395	20.214277439907328
1396	20.2146205938531
1397	20.215009760682523
1398	20.214677918099586
1399	20.214375442193568
1400	20.21363747853814
1401	20.21419611574895
1402	20.214437000216122
1403	20.213977194194886
1404	20.21370509445092
1405	20.212924094307073
1406	20.2132657165843
1407	20.212951664537247
1408	20.212859356171457
1409	20.212127293577982
1410	20.212296584918633
1411	20.212230524778835
1412	20.212293299765406
1413	20.21225895907486
1414	20.211947206033596
1415	20.211481914984727
1416	20.211014277767475
1417	20.21060433295325
1418	20.210337411516715
1419	20.209783242958597
1420	20.210205939242236
1421	20.21005656462295
1422	20.20972277452707
1423	20.209963099630997
1424	20.210001560084528
1425	20.209452947845804
1426	20.20938960487183
1427	20.209368808378148
1428	20.208991528899322
1429	20.20935852683051
1430	20.20929838436335
1431	20.208481512842223
1432	20.208819879280195
1433	20.207818379109654
1434	20.208069286016055
1435	20.208204334365327
1436	20.207959499367178
1437	20.20742812175037
1438	20.207054891663038
1439	20.20695171407322
1440	20.207103993717748
1441	20.206944872621282
1442	20.20665705123717
1443	20.206414508207043
1444	20.20618628780781
1445	20.20571795875021
1446	20.20519444250506
1447	20.205391903771822
1448	20.205064562010207
1449	20.205161434165237
1450	20.20512999039171
1451	20.20509859037335
1452	20.20529543463448
1453	20.205769952333966
1454	20.205852127541384
1455	20.205806433706183
1456	20.20619357343947
1457	20.206513755110524
1458	20.206370749948064
1459	20.205879096545615
1460	20.205556938566648
1461	20.20549781635248
1462	20.205634969960638
1463	20.20575813619676
1464	20.205671411232483
1465	20.206075726040993
1466	20.205864932989904
1467	20.206251978692066
1468	20.20631929351564
1469	20.20652114147468
1470	20.206807972856023
1471	20.206416099275202
1472	20.206730043760373
1473	20.206410133384512
1474	20.20633724673617
1475	20.206486323686445
1476	20.20635876108132
1477	20.206009815850273
1478	20.20544277166043
1479	20.205966277561608
1480	20.20574391159015
1481	20.20552184879678
1482	20.205409087812523
1483	20.205310095990196
1484	20.205486162135685
1485	20.20503093344211
1486	20.205016713319022
1487	20.20482042229615
1488	20.204065294381046
1489	20.204295826214302
1490	20.204441975174806
1491	20.203688657783555
1492	20.203223318312833
1493	20.202839756592294
1494	20.203208194816074
1495	20.203057476231635
1496	20.203014926178845
1497	20.203123524889747
1498	20.202633494164264
1499	20.202550910462236
1500	20.20291805749973
1501	20.202318824985205
1502	20.20241407583639
1503	20.202428605969427
1504	20.20246996442714
1505	20.202403949345353
1506	20.202118104430593
1507	20.201872839803876
1508	20.201911748955766
1509	20.20188371284082
1510	20.20168190812343
1511	20.20127996152099
1512	20.201564878361417
1513	20.20126759623724
1514	20.202008214209517
1515	20.20292114766988
1516	20.20250366227194
1517	20.20267770398861
1518	20.202300837877377
1519	20.20198032961191
1520	20.20254223780682
1521	20.202771583306784
1522	20.2025840341708
1523	20.202595577708255
1524	20.20259654235941
1525	20.202383001257694
1526	20.202370872142254
1527	20.202678760313095
1528	20.202676990565788
1529	20.202128502389943
1530	20.202153488863086
1531	20.2020861355065
1532	20.202166493153936
1533	20.201928015487336
1534	20.202419025809085
1535	20.202033354377104
1536	20.201516764586046
1537	20.201820522250827
1538	20.201835103240967
1539	20.20163712925188
1540	20.201691137912952
1541	20.201731976051043
1542	20.201440167583137
1543	20.201677373771737
1544	20.201676277147975
1545	20.20191302529793
1546	20.201543504093813
1547	20.20100482839619
1548	20.200649443799637
1549	20.200823678139948
1550	20.201114917227816
1551	20.20066902691727
1552	20.200366810182235
1553	20.200483562765665
1554	20.200103923096908
1555	20.200077891730494
1556	20.199896211728074
1557	20.199950731890727
1558	20.200018139884424
1559	20.19964003159435
1560	20.19951086323581
1561	20.199185309711627
1562	20.198821416109897
1563	20.198850574712644
1564	20.19891841660321
1565	20.199011969868952
1566	20.199002281604084
1567	20.199407407407406
1568	20.199134867912868
1569	20.198798358356814
1570	20.198500861426112
1571	20.198709959268633
1572	20.1991935690988
1573	20.1992094760212
1574	20.19896375714982
1575	20.198551746235182
1576	20.198178697679186
1577	20.197898266902182
1578	20.197940518068435
1579	20.198161689507057
1580	20.197506259900862
1581	20.197714650494735
1582	20.197562998405104
1583	20.197426808119964
1584	20.197224558452483
1585	20.197048036269166
1586	20.19671651288578
1587	20.196538040851628
1588	20.196372510390585
1589	20.196219896351998
1590	20.19596593000673
1591	20.19609783325722
1592	20.196140826857004
1593	20.195851863114015
1594	20.195743010534844
1595	20.19545218722715
1596	20.19511115607375
1597	20.194975230007078
1598	20.19511979488993
1599	20.194678648962487
1600	20.19462139081953
1601	20.194410478147415
1602	20.19447698955617
1603	20.194049957193936
1604	20.193938021364133
1605	20.19409516145257
1606	20.194621426327362
1607	20.194918553684236
1608	20.19501204940255
1609	20.194887297266785
1610	20.194865430659497
1611	20.19461565443977
1612	20.194571382069036
1613	20.194096892047444
1614	20.194823058646993
1615	20.195156089879777
1616	20.19486942512083
1617	20.194495756365452
1618	20.194626351831754
1619	20.194681991572963
1620	20.194889492437646
1621	20.195696836128647
1622	20.195286446667662
1623	20.195314248762653
1624	20.19523016504275
1625	20.19505924435502
1626	20.194761993421462
1627	20.19454195869255
1628	20.1941734333354
1629	20.194152264139255
1630	20.193782036995767
1631	20.193498892559735
1632	20.193700767927584
1633	20.194006055737503
1634	20.194795089054125
1635	20.19494883410895
1636	20.19482858587977
1637	20.194745472254073
1638	20.194837358304582
1639	20.194993104127672
1640	20.194850905152787
1641	20.194482707728636
1642	20.19467286158536
1643	20.194216855630213
1644	20.19434316650094
1645	20.194150339226344
1646	20.193795978420795
1647	20.193726259036882
1648	20.194138969849863
1649	20.19387093221065
1650	20.19370344549224
1651	20.193350446155726
1652	20.193308005228502
1653	20.193104542846328
1654	20.192642752562225
1655	20.192722749942078
1656	20.192395807945406
1657	20.191799006235385
1658	20.192173807205453
1659	20.191665348919244
1660	20.19141280299531
1661	20.191566133323615
1662	20.191731423020883
1663	20.19146715851039
1664	20.19111833329291
1665	20.190769939282294
1666	20.191007969768176
1667	20.190868154747495
1668	20.191071860633922
1669	20.19056485153303
1670	20.190548688391875
1671	20.190177752016616
1672	20.190002655016777
1673	20.18963250636209
1674	20.189335133310834
1675	20.189197002915172
1676	20.189169666397795
1677	20.189310809510058
1678	20.189269137346383
1679	20.18929962024708
1680	20.18974297381696
1681	20.189641099507863
1682	20.18955134357006
1683	20.189147714330243
1684	20.189324227174694
1685	20.189538726828566
1686	20.189025849688846
1687	20.189312027557172
1688	20.189789136463613
1689	20.189506253957255
1690	20.18961029657577
1691	20.189773879840104
1692	20.18973453860281
1693	20.189573798627002
1694	20.189965694682677
1695	20.189238735789537
1696	20.18888598077472
1697	20.188474205476357
1698	20.188806369199693
1699	20.18821475649293
1700	20.188150539421056
1701	20.18801523005207
1702	20.187569643661536
1703	20.187567381852215
1704	20.18787519981055
1705	20.188180441162547
1706	20.187854059487908
1707	20.188099853434824
1708	20.188262672321123
1709	20.188092511481294
1710	20.187922551414108
1711	20.188181743139822
1712	20.187797576957525
1713	20.18737853786085
1714	20.18699531511171
1715	20.187193393174358
1716	20.187200921778185
1717	20.187671120198353
1718	20.187833235466822
1719	20.187924740900716
1720	20.188076999777117
1721	20.18839322351838
1722	20.188601424821897
1723	20.188703992130502
1724	20.188792528352234
1725	20.18845766954406
1726	20.188312447395493
1727	20.18812066266327
1728	20.187868527059372
1729	20.18798282260135
1730	20.187754388010962
1731	20.187526224998834
1732	20.187687110489836
1733	20.18753128820071
1734	20.18765926253447
1735	20.187587217415572
1736	20.18759661091805
1737	20.18742958032779
1738	20.18720252606162
1739	20.187270132612454
1740	20.187289108428704
1741	20.187495654189362
1742	20.187317581653925
1743	20.18754702566299
1744	20.187228135122627
1745	20.187411115864446
1746	20.187721001178673
1747	20.188263691589864
1748	20.18792201946051
1749	20.187954225595828
1750	20.187799760191847
1751	20.188007005899706
1752	20.18817730586298
1753	20.187940242161964
1754	20.18809888074724
1755	20.188027407969464
1756	20.187698918800915
1757	20.18790551325777
1758	20.188100402850946
1759	20.18778389538885
1760	20.18754800472309
1761	20.18708110399505
1762	20.18654605828133
1763	20.18658808720032
1764	20.18623907772542
1765	20.186144068765287
1766	20.18639401382304
1767	20.186102801817643
1768	20.18530562877258
1769	20.185407353343674
1770	20.184946261069765
1771	20.184715624964404
1772	20.184656018397295
1773	20.185103429442687
1774	20.184723154076213
1775	20.18452725970882
1776	20.18457222045527
1777	20.18421560502685
1778	20.184201867547113
1779	20.184326310298687
1780	20.184004442580775
1781	20.183990848029723
1782	20.183737462926487
1783	20.184022356481794
1784	20.18407662038084
1785	20.183493807069887
1786	20.183674621909486
1787	20.18365204434109
1788	20.183855136232864
1789	20.183740204093137
1790	20.183647940496986
1791	20.18293012569266
1792	20.18296224588577
1793	20.18298513843419
1794	20.18292724063101
1795	20.182507753854452
1796	20.18217859589618
1797	20.182280441810345
1798	20.181998698647043
1799	20.18194151679598
1800	20.181805957103474
1801	20.181816145506676
1802	20.18139691067831
1803	20.181487655080602
1804	20.18135265376402
1805	20.18090289417812
1806	20.180442478864432
1807	20.180352937237
1808	20.180702595968274
1809	20.180354554576876
1810	20.180579235338037
1811	20.18012028065486
1812	20.180200135798483
1813	20.179604414185913
1814	20.179180147426703
1815	20.17955128846218
1816	20.179686805864062
1817	20.179318688881242
1818	20.179230316947894
1819	20.179197480901642
1820	20.17899647614193
1821	20.179076541405014
1822	20.178875827411392
1823	20.178608963083423
1824	20.178366484968432
1825	20.178190578276773
1826	20.178171456340703
1827	20.177883500932744
1828	20.17782950696689
1829	20.17726250330775
1830	20.177019625993147
1831	20.17696814837658
1832	20.176782687184907
1833	20.1765844857366
1834	20.176575368071514
1835	20.176322556539706
1836	20.176923499368446
1837	20.176416347409905
1838	20.176144031070688
1839	20.175926839698676
1840	20.175576450990707
1841	20.17529217187483
1842	20.175627004718272
1843	20.17550712269415
1844	20.175544304351153
1845	20.175160384266494
1846	20.174889949644452
1847	20.17470714745794
1848	20.174777409217878
1849	20.174583960391722
1850	20.17482860475002
1851	20.1747006982799
1852	20.174538367738002
1853	20.174508694422077
1854	20.174370296254406
1855	20.17428639753038
1856	20.17426777333565
1857	20.17403200938131
1858	20.17412395411679
1859	20.17389748150719
1860	20.17396771710733
1861	20.17373074172788
1862	20.173701650279376
1863	20.174121976297418
1864	20.174127039072303
1865	20.174130213851708
1866	20.173926198065807
1867	20.174268033220653
1868	20.17411812961444
1869	20.174144757425047
1870	20.173822565341155
1871	20.174133267234968
1872	20.173996402451504
1873	20.173739396288163
1874	20.173776912234644
1875	20.173823273219988
1876	20.174056041015056
1877	20.17413630113441
1878	20.174302371774914
1879	20.17384026011654
1880	20.17373444873445
1881	20.174159591801732
1882	20.174196727985688
1883	20.174362324117105
1884	20.17446353079681
1885	20.173981409179888
1886	20.173920480665405
1887	20.173601316408085
1888	20.173391144620773
1889	20.17365454817155
1890	20.173487240761286
1891	20.173481900090632
1892	20.17319578839678
1893	20.172984545251207
1894	20.17330068664502
1895	20.17319785072086
1896	20.17282742779361
1897	20.17291810596801
1898	20.172879375365167
1899	20.172861920688007
1900	20.17234024491182
1901	20.17211097912778
1902	20.17272486351831
1903	20.172944280219955
1904	20.172960437139952
1905	20.173338272650298
1906	20.173109065905003
1907	20.173431734317344
1908	20.173350664172716
1909	20.17354612475971
1910	20.1732521192032
1911	20.17331026187512
1912	20.17328398030097
1913	20.173342046460643
1914	20.172823899967344
1915	20.172880320913045
1916	20.172713879827423
1917	20.172761598249878
1918	20.173296469945125
1919	20.173545295984198
1920	20.1734751743258
1921	20.1735310787833
1922	20.173959568195887
1923	20.173857881326608
1924	20.173724861403674
1925	20.17368625027495
1926	20.17407008029816
1927	20.17417964172108
1928	20.17440595716198
1929	20.174462969738148
1930	20.17450947614769
1931	20.174134600323708
1932	20.1741585346762
1933	20.174025974025973
1934	20.173945681071782
1935	20.174044433329165
1936	20.17432195975503
1937	20.17501925919757
1938	20.175210962781065
1939	20.17521345299874
1940	20.174954265757524
1941	20.174958704302025
1942	20.17477260456037
1943	20.174849777390328
1944	20.17479021232898
1945	20.175273443574724
1946	20.175089373607584
1947	20.17471545304846
1948	20.174333388539253
1949	20.174263899522025
1950	20.17434105080294
1951	20.173939105810373
1952	20.173713187823445
1953	20.173478974591934
1954	20.173618277128824
1955	20.173435920707934
1956	20.17346170894884
1957	20.17324692451936
1958	20.17291909091845
1959	20.172630993917313
1960	20.172603923424305
1961	20.172484346243614
1962	20.172974750536948
1963	20.17287564580573
1964	20.173014536793694
1965	20.172780348659437
1966	20.172599452358245
1967	20.172357240234113
1968	20.1721869909537
1969	20.171800122875283
1970	20.171845256370894
1971	20.171881872768747
1972	20.17186557474261
1973	20.171828855802737
1974	20.17161854374981
1975	20.171498570845245
1976	20.17154547031395
1977	20.171551530726713
1978	20.171771637090117
1979	20.171736827091568
1980	20.171690120766552
1981	20.171785946914184
1982	20.171473038542526
1983	20.171458782382366
1984	20.171822283647007
1985	20.171684238324495
1986	20.17155474341404
1987	20.171416975292985
1988	20.17154476491826
1989	20.171702837217317
1990	20.171769569005694
1991	20.171466472244163
1992	20.171462404987704
1993	20.17168263345844
1994	20.171403726959284
1995	20.17168440307633
1996	20.171708805139446
1997	20.171896454244408
1998	20.171930815959957
1999	20.17145738779627
2000	20.171097065553774
2001	20.171449298726422
2002	20.171230324575273
2003	20.171043493140342
2004	20.171240870037625
2005	20.172056634889987
2006	20.17216286572925
2007	20.172237123655105
2008	20.172202586553137
2009	20.172146283695632
2010	20.17218204251136
2011	20.172015520197313
2012	20.17161696328363
2013	20.171440876585006
2014	20.171415128338605
2015	20.171771345093607
2016	20.17161372909833
2017	20.171304625964577
2018	20.171129138609707
2019	20.171175219436208
2020	20.171522392230838
2021	20.171769470964396
2022	20.17176360318679
2023	20.17157663942595
2024	20.171471262077898
2025	20.171135293356297
2026	20.171020290374262
2027	20.171187300450573
2028	20.17112209088469
2029	20.17107851904847
2030	20.1710233592881
2031	20.171178415080853
2032	20.170883438504585
2033	20.17095737717924
2034	20.1710428499212
2035	20.170958122393177
2036	20.170952696881777
2037	20.17051831471016
2038	20.170732431149098
2039	20.17041892840546
2040	20.17064445037406
2041	20.170731466390084
2042	20.17075747403341
2043	20.17026525617747
2044	20.170061250456172
2045	20.170056291096937
2046	20.170021776188083
2047	20.169849414499147
2048	20.16968706625848
2049	20.16988075091503
2050	20.1696677058031
2051	20.16950568623018
2052	20.169273391755414
2053	20.16905114936321
2054	20.16923650711082
2055	20.169112597853598
2056	20.168970859316783
2057	20.1690073208738
2058	20.16859798803005
2059	20.16872270849243
2060	20.168738012291072
2061	20.16850712546093
2062	20.168533943375568
2063	20.168708958724203
2064	20.168774722859794
2065	20.168427115467217
2066	20.168117242994303
2067	20.16811328483099
2068	20.16834491699728
2069	20.16815573331255
2070	20.167828762854473
2071	20.16817053584465
2072	20.168246030510584
2073	20.16798591932786
2074	20.16790428240966
2075	20.167803295251417
2076	20.167555128317165
2077	20.167905739852863
2078	20.167893833124765
2079	20.1678609174561
2080	20.167682660903445
2081	20.167669253048928
2082	20.167754303750897
2083	20.16775055162002
2084	20.167600088989484
2085	20.16720645816213
2086	20.167085402856426
2087	20.167102912058724
2088	20.16718798270003
2089	20.16714753022686
2090	20.167427011699345
2091	20.1676660561072
2092	20.167663978261498
2093	20.16744678801888
2094	20.167104667841087
2095	20.16709323583181
2096	20.167109059434505
2097	20.167318728431496
2098	20.16705418908532
2099	20.166837925305625
2100	20.166932232674217
2101	20.166882537489567
2102	20.167034273768195
2103	20.166915880683998
2104	20.166816762152944
2105	20.166775194392308
2106	20.167091006546958
2107	20.167020645581005
2108	20.166826040391676
2109	20.166727199740027
2110	20.166357782915227
2111	20.16658550326086
2112	20.166696889584546
2113	20.166684155799555
2114	20.166625348030056
2115	20.166191733300295
2116	20.166112577040685
2117	20.165917660052557
2118	20.165867260511238
2119	20.165826421124724
2120	20.166093025024722
2121	20.165822460015015
2122	20.165465097502825
2123	20.165339080405207
2124	20.165749316732462
2125	20.165642251437028
2126	20.165679070869874
2127	20.1658769569008
2128	20.16573052332465
2129	20.165689940828404
2130	20.16563047078306
2131	20.165723960500927
2132	20.165588897082458
2133	20.165672868847036
2134	20.1657378721475
2135	20.165499140877248
2136	20.165820515240164
2137	20.165542675507684
2138	20.165331095859415
2139	20.16518568076666
2140	20.164965057358675
2141	20.165295324885616
2142	20.16527401385125
2143	20.165254277141862
2144	20.165367729319634
2145	20.16527123915842
2146	20.16518423202998
2147	20.16553226245576
2148	20.16535920726672
2149	20.164987807165634
2150	20.165194810064875
2151	20.165183005678518
2152	20.164944881004786
2153	20.16492384313652
2154	20.16511022944193
2155	20.16496754522157
2156	20.16513504164836
2157	20.16526500710174
2158	20.164783128479097
2159	20.164773098574457
2160	20.16463090316982
2161	20.164516821026517
2162	20.164618798128018
2163	20.16470982891647
2164	20.164830251944302
2165	20.165026579650508
2166	20.16480868011613
2167	20.164967631520202
2168	20.165069123567093
2169	20.16498313369451
2170	20.164643377947854
2171	20.164548383203513
2172	20.16459419832594
2173	20.164656995510704
2174	20.164458618803483
2175	20.164484353136324
2176	20.1647446763183
2177	20.164500240713995
2178	20.164527442833215
2179	20.164983164983166
2180	20.165074844901394
2181	20.165204935076936
2182	20.165156343817838
2183	20.165638677032742
2184	20.165580699940932
2185	20.165707274773528
2186	20.165398836362296
2187	20.165212021787415
2188	20.164865736262723
2189	20.164725380967727
2190	20.16433363704133
2191	20.163997461111776
2192	20.164237704239728
2193	20.164097898113173
2194	20.164022524963944
2195	20.163837035268624
2196	20.16437362899599
2197	20.16443584121538
2198	20.164305429470073
2199	20.164211799858847
2200	20.16439460568748
2201	20.16369213863834
2202	20.16350589441312
2203	20.163246635622603
2204	20.163568195327144
2205	20.163328915497463
2206	20.163319750762877
2207	20.1637869627952
2208	20.163878011154623
2209	20.16399485406155
2210	20.16405687134636
2211	20.163845361482576
2212	20.16382538655684
2213	20.163659711660184
2214	20.16340166769836
2215	20.16317116002293
2216	20.163491009631564
2217	20.16321521426883
2218	20.163407542026352
2219	20.163460490463216
2220	20.163103376274385
2221	20.162772338321098
2222	20.162624485279444
2223	20.162349848148317
2224	20.162357845136153
2225	20.16264050795721
2226	20.162686053670374
2227	20.16265916145555
2228	20.162522274787204
2229	20.162466885471197
2230	20.16241154621287
2231	20.16260162601626
2232	20.162737361059694
2233	20.163000803270847
2234	20.163037006297024
2235	20.16262691842955
2236	20.162580668421242
2237	20.16282568741216
2238	20.16263530428831
2239	20.162716593906115
2240	20.162234138266097
2241	20.16227955790174
2242	20.162242577327927
2243	20.162514039265016
2244	20.16294839323885
2245	20.163146035137487
2246	20.162891907898278
2247	20.163071458682765
2248	20.163359901021167
2249	20.163331511170455
2250	20.163195657431544
2251	20.163267316094835
2252	20.163149510461974
2253	20.162851443344156
2254	20.162778637148044
2255	20.162760975260976
2256	20.162850531995677
2257	20.162562060220736
2258	20.16247021126572
2259	20.16220893924525
2260	20.162298575874583
2261	20.162315378513046
2262	20.162029241172853
2263	20.162117393511387
2264	20.16183905999644
2265	20.16172257318267
2266	20.16164032692701
2267	20.161882495177306
2268	20.16167584858717
2269	20.16172983151107
2270	20.161533749411838
2271	20.161669047893724
2272	20.161561865226147
2273	20.161704466866453
2274	20.161820357158682
2275	20.16183726801612
2276	20.161523681344466
2277	20.161586391234312
2278	20.16151491560211
2279	20.16139044620908
2280	20.16115118087965
2281	20.16117717738943
2282	20.160989782491587
2283	20.160926135159947
2284	20.160614081524617
2285	20.16031254685116
2286	20.16003772853088
2287	20.160216759185833
2288	20.160367803133724
2289	20.160553931753356
2290	20.160660700300078
2291	20.160590041077697
2292	20.160396352989792
2293	20.160325872024046
2294	20.160821898554033
2295	20.160989787764635
2296	20.161096092405998
2297	20.160964011861523
2298	20.160592454881876
2299	20.160487009571895
2300	20.160567057730894
2301	20.160152384288654
2302	20.159967085682272
2303	20.160249903748557
2304	20.160743805267163
2305	20.16071725199115
2306	20.160568377450165
2307	20.16019985674604
2308	20.160076135262326
2309	20.160227262809716
2310	20.160174821819577
2311	20.15993791527877
2312	20.16019349777739
2313	20.159974211759785
2314	20.160720039711915
2315	20.160597856838184
2316	20.160229358995554
2317	20.160395901824696
2318	20.160668022881783
2319	20.16053598894653
2320	20.16041415132853
2321	20.160380634854484
2322	20.16041657626383
2323	20.160504537016152
2324	20.16098542329671
2325	20.16105433774519
2326	20.161045217074882
2327	20.160871560824795
2328	20.161159636077183
2329	20.161124523012226
2330	20.161160026985417
2331	20.161011161158132
2332	20.16075872796405
2333	20.16061155739829
2334	20.16051631842514
2335	20.16005592377796
2336	20.160057280389232
2337	20.1600400100025
2338	20.159667994001136
2339	20.159850436370842
2340	20.159633833382134
2341	20.15992080571576
2342	20.1597057305111
2343	20.15927171398347
2344	20.159047144183486
2345	20.15898740268445
2346	20.158814687567105
2347	20.158607781860642
2348	20.158471070833976
2349	20.15834169690419
2350	20.158006653633777
2351	20.157731896913756
2352	20.157690034181737
2353	20.157631080930646
2354	20.15745955662073
2355	20.157598884316258
2356	20.157039989053466
2357	20.157249102410667
2358	20.157096470990343
2359	20.15738225798186
2360	20.15758243259396
2361	20.157748305938178
2362	20.15768102095134
2363	20.157569814538476
2364	20.157381995465627
2365	20.157366071428573
2366	20.158140366714644
2367	20.158202094151697
2368	20.158151803948265
2369	20.157843704283334
2370	20.157664742439827
2371	20.157675572778572
2372	20.157625592497578
2373	20.15756716367218
2374	20.157388625310848
2375	20.15774872530139
2376	20.15763095631821
2377	20.15729156070932
2378	20.157217783275858
2379	20.15710885822937
2380	20.157101616139382
2381	20.157060530925524
2382	20.157274572830318
2383	20.157098165215185
2384	20.15715988133774
2385	20.157221546363882
2386	20.15716360688409
2387	20.157299861565992
2388	20.15754834790239
2389	20.157608420626488
2390	20.157652910677403
2391	20.15752749336367
2392	20.157962126827954
2393	20.157717470929498
2394	20.157778675554656
2395	20.157687065672796
2396	20.157417607830936
2397	20.15759654343404
2398	20.157181867831785
2399	20.15713265863184
2400	20.156880687732965
2401	20.15678968833392
2402	20.156556166957454
2403	20.15650730300337
2404	20.156297929046154
2405	20.155751026220994
2406	20.155346959965836
2407	20.15522335590468
2408	20.155386919453484
2409	20.155313579379616
2410	20.155231940879947
2411	20.155412011464957
2412	20.155464044971975
2413	20.15522250981047
2414	20.15492981255529
2415	20.15488187399893
2416	20.154842314170878
2417	20.15515545553055
2418	20.155729236101852
2419	20.155521500495556
2420	20.15567581068143
2421	20.155913217879046
2422	20.156560656855977
2423	20.156545456057344
2424	20.156388965081582
2425	20.156416690207546
2426	20.15663671245619
2427	20.15685655935046
2428	20.156506729955353
2429	20.156332689101422
2430	20.15591705428285
2431	20.155943609676857
2432	20.15569546847817
2433	20.155505502604317
2434	20.15509920290035
2435	20.15466843172134
2436	20.1545631228549
2437	20.154824202442068
2438	20.15456062934867
2439	20.154571135928105
2440	20.154565120465016
2441	20.154401023397845
2442	20.154287835663904
2443	20.15447415947156
2444	20.15439400558885
2445	20.15432215749446
2446	20.15397603261541
2447	20.153904416910223
2448	20.15385754845081
2449	20.153636707632067
2450	20.153606433364033
2451	20.153559745532853
2452	20.15343093759243
2453	20.153417210058638
2454	20.15309850020933
2455	20.153101331779727
2456	20.15282277577736
2457	20.152440374193443
2458	20.152560708753697
2459	20.15249821819165
2460	20.15276708649295
2461	20.153337371686778
2462	20.153537733919205
2463	20.15368068051693
2464	20.154161249969338
2465	20.154254797476217
2466	20.154077414505824
2467	20.154302840250217
2468	20.154305165545615
2469	20.15400432458896
2470	20.15422824703925
2471	20.154271364977905
2472	20.154356454202425
2473	20.154474061522418
2474	20.154247046081935
2475	20.15411101072013
2476	20.153933151077265
2477	20.153961269753484
2478	20.153906815280926
2479	20.153917417698064
2480	20.15388864518854
2481	20.153588190395766
2482	20.153697556066003
2483	20.153766267484503
2484	20.154013349445666
2485	20.153950920543814
2486	20.154215188129562
2487	20.154160827548218
2488	20.153993149742103
2489	20.15427327251977
2490	20.15426065568465
2491	20.153872282608695
2492	20.154290795909294
2493	20.154089829166196
2494	20.15435319967042
2495	20.154071621785295
2496	20.15391134499903
2497	20.154005034531725
2498	20.154234513238652
2499	20.154334822076393
2500	20.154441865712535
2501	20.15428981094383
2502	20.154123018205535
2503	20.15385048774991
2504	20.15401634859846
2505	20.15371995206807
2506	20.153876455077498
2507	20.153757141823966
2508	20.153953667705554
2509	20.1539079186138
2510	20.153628213463037
2511	20.15368816289854
2512	20.153965835271475
2513	20.15402560546421
2514	20.15394786399442
2515	20.153910236384462
2516	20.15385785663955
2517	20.15357094262
2518	20.15342827426194
2519	20.15339091490723
2520	20.153514697535353
2521	20.153694321469096
2522	20.153350906621935
2523	20.15280694330222
2524	20.152922772403667
2525	20.1528709679993
2526	20.152754184909604
2527	20.15299866867561
2528	20.15294567651348
2529	20.152996280040465
2530	20.152711203121267
2531	20.15273919722379
2532	20.152405502382827
2533	20.152416475135396
2534	20.152203637751207
2535	20.152455499046408
2536	20.15243466518389
2537	20.152534163364802
2538	20.152448607032305
2539	20.152339318158376
2540	20.152527183180133
2541	20.152666127574562
2542	20.152486765778047
2543	20.152211281775045
2544	20.152206447117326
2545	20.152131583529897
2546	20.15224667093926
2547	20.15248151223949
2548	20.152236988781457
2549	20.152281977318527
2550	20.15205472959095
2551	20.152073659938722
2552	20.152093775900855
2553	20.152708076886658
2554	20.152322059565876
2555	20.152095241849647
2556	20.152464494569756
2557	20.152308698289648
2558	20.1521294021294
2559	20.152188801335086
2560	20.152127726543075
2561	20.15240065443791
2562	20.152499194062006
2563	20.152399965417235
2564	20.15219748275483
2565	20.15247781355533
2566	20.15275128162855
2567	20.152595975766708
2568	20.152584387771913
2569	20.152453990135424
2570	20.1526384272904
2571	20.152705190989227
2572	20.152937582730882
2573	20.15274341548965
2574	20.15281006159361
2575	20.15288447997997
2576	20.153139907718778
2577	20.15319069098414
2578	20.152926467140738
2579	20.152796438056555
2580	20.152995650782
2581	20.15295935809677
2582	20.153080332064167
2583	20.153020636728073
2584	20.1531336976775
2585	20.153074027603513
2586	20.152762738667434
2587	20.15246067590718
2588	20.152463610181364
2589	20.152412075941488
2590	20.152172729464652
2591	20.152105799208528
2592	20.151960022382493
2593	20.151885458585166
2594	20.151748827384836
2595	20.151611125342523
2596	20.151497986389703
2597	20.151462500872615
2598	20.15157553577521
2599	20.15166523279156
2600	20.151590984806813
2601	20.151407196294976
2602	20.151160450245406
2603	20.15125016444441
2604	20.15109766851803
2605	20.150751981442102
2606	20.15085064116933
2607	20.151026494927407
2608	20.150804807217003
2609	20.150956215594384
2610	20.15043141370954
2611	20.150225650916106
2612	20.15012916907654
2613	20.149868570151163
2614	20.149841651448252
2615	20.149753133015473
2616	20.149881425359574
2617	20.149832595728306
2618	20.14998384292243
2619	20.150041530794315
2620	20.149828944839516
2621	20.149995389013558
2622	20.150247365024736
2623	20.15030601823055
2624	20.150194594345635
2625	20.14991214137182
2626	20.149940171202406
2627	20.149859686249254
2628	20.149878901220184
2629	20.14972954750923
2630	20.149633918451123
2631	20.149553673959975
2632	20.149497593192063
2633	20.149594553243574
2634	20.149645558198046
2635	20.149618939144926
2636	20.1497768744078
2637	20.149835391889518
2638	20.149854543510962
2639	20.14987368051474
2640	20.15004654143714
2641	20.150050337106073
2642	20.14998551453883
2643	20.15001219363492
2644	20.149947434979357
2645	20.15012108381437
2646	20.149895329806267
2647	20.14974698474299
2648	20.14983683622008
2649	20.149978709167225
2650	20.15022043174217
2651	20.15049996960671
2652	20.15028976370776
2653	20.150072128160353
2654	20.14987742958842
2655	20.14971322793069
2656	20.149457016319843
2657	20.14974376857299
2658	20.14996210973022
2659	20.149851148767905
2660	20.149878842950173
2661	20.149509507084897
2662	20.14968107081514
2663	20.14967854171394
2664	20.149576591562074
2665	20.14948983447963
2666	20.149760498043186
2667	20.15004607041977
2668	20.150080026574862
2669	20.14991660817919
2670	20.149655245251136
2671	20.149735685144826
2672	20.14982360390785
2673	20.149782225370366
2674	20.14953637096349
2675	20.149532780651622
2676	20.149210817483198
2677	20.14930628705571
2678	20.149250139141685
2679	20.148952326534296
2680	20.149093997309425
2681	20.148924181867354
2682	20.149079657847505
2683	20.149220005104876
2684	20.149246563006542
2685	20.149001927880757
2686	20.14899967005609
2687	20.148845262992197
2688	20.148865543699795
2689	20.14893075165724
2690	20.148912433080003
2691	20.14901499955091
2692	20.148589299475525
2693	20.148398001615462
2694	20.14829019572661
2695	20.148303153048793
2696	20.148345983743724
2697	20.14852431592783
2698	20.148573390865522
2699	20.148510492224112
2700	20.148687459437685
2701	20.148743875975928
2702	20.148793905420717
2703	20.148955670971155
2704	20.149163122257892
2705	20.149227836602183
2706	20.149149968737905
2707	20.149131683507196
2708	20.149166586089684
2709	20.149447934867467
2710	20.149287232619326
2711	20.14939001738562
2712	20.149229455234135
2713	20.14916663573258
2714	20.14905933429812
2715	20.14885346113044
2716	20.148842762538283
2717	20.14881093583205
2718	20.148792850473523
2719	20.148857365087597
2720	20.148735606649634
2721	20.149045472378287
2722	20.14893853177745
2723	20.149017693354637
2724	20.148910841306694
2725	20.149273037719254
2726	20.149321333835776
2727	20.14950475304128
2728	20.149501244120884
2729	20.1494829762265
2730	20.149390941219004
2731	20.14940222882725
2732	20.14913114959562
2733	20.148994030510725
2734	20.149391838629114
2735	20.14927054872705
2736	20.14917143340916
2737	20.149391029179085
2738	20.149491665072755
2739	20.14958487457991
2740	20.149663314514232
2741	20.149430862047428
2742	20.14947991655158
2743	20.14942503414548
2744	20.14924430938172
2745	20.149218904779026
2746	20.148514343135027
2747	20.14857096769463
2748	20.14852385001026
2749	20.148543796021542
2750	20.148385773715358
2751	20.148618076655563
2752	20.148408911267893
2753	20.14836193904277
2754	20.148388134799905
2755	20.148562697391508
2756	20.148715212815716
2757	20.14859405477671
2758	20.14879756957884
2759	20.14856588043772
2760	20.148636814758596
2761	20.148663928626142
2762	20.148573262063284
2763	20.148512902755503
2764	20.148708718337364
2765	20.148904396981266
2766	20.148872027147082
2767	20.14872940885301
2768	20.148535960648484
2769	20.14844448970388
2770	20.148507940201267
2771	20.148432162118944
2772	20.1485972955888
2773	20.14829422061462
2774	20.148518445911115
2775	20.148471805889226
2776	20.148177438546593
2777	20.148328933244365
2778	20.14828241230805
2779	20.148513488048472
2780	20.14859842200213
2781	20.1484059272564
2782	20.148593272614065
2783	20.14832130734659
2784	20.14858813060244
2785	20.14850547114001
2786	20.148335044316884
2787	20.148309279989594
2788	20.148051291312985
2789	20.14808449178552
2790	20.148198146169616
2791	20.148348872788155
2792	20.148121163154745
2793	20.14815535940925
2794	20.147876358813182
2795	20.147496685305818
2796	20.147400342875255
2797	20.147419280509233
2798	20.147417671405435
2799	20.147298814183745
2800	20.147129694232056
2801	20.14714975984354
2802	20.14716875350402
2803	20.147275013472246
2804	20.147309371947365
2805	20.147140549273022
2806	20.147217995463812
2807	20.147591679761213
2808	20.147704776933008
2809	20.147658994765898
2810	20.14775765307951
2811	20.147581858565594
2812	20.14735605675364
2813	20.14743323548364
2814	20.147423418265102
2815	20.147521982700027
2816	20.14728116663448
2817	20.14724281659529
2818	20.147248427672956
2819	20.147031506751446
2820	20.14722392835207
2821	20.14709998000971
2822	20.14728405546793
2823	20.147144854745733
2824	20.146992540187423
2825	20.147004306042717
2826	20.14698147765417
2827	20.14725180778684
2828	20.147155594804012
2829	20.14686011661102
2830	20.14673564952533
2831	20.146403926869176
2832	20.14613645091095
2833	20.145811267105028
2834	20.145931042323983
2835	20.145921832156507
2836	20.145777708345168
2837	20.145390272296204
2838	20.14538939152031
2839	20.145402698369914
2840	20.145436237803494
2841	20.145763480800447
2842	20.145789783235664
2843	20.14565314405933
2844	20.145550976476752
2845	20.14565622102201
2846	20.145718935748654
2847	20.14554611624732
2848	20.14528856896381
2849	20.145244288622482
2850	20.145477671000567
2851	20.14548986367168
2852	20.1455736871465
2853	20.1454577539352
2854	20.145327791929212
2855	20.145369260069128
2856	20.145211216956586
2857	20.145124796470032
2858	20.145308239206873
2859	20.145179581457924
2860	20.145128468726014
2861	20.145155840864938
2862	20.145118844903532
2863	20.145216541110102
2864	20.14532120155257
2865	20.14529121504787
2866	20.14514077727889
2867	20.14479275685016
2868	20.14505290800958
2869	20.14522163338364
2870	20.145107532540436
2871	20.145021569108827
2872	20.14473831828126
2873	20.144729648269383
2874	20.144827102967454
2875	20.145036563839625
2876	20.1454159693581
2877	20.145231062143885
2878	20.14510328034035
2879	20.14493959975658
2880	20.145149673801317
2881	20.145218789319166
2882	20.144977360389067
2883	20.14519418832076
2884	20.145262202360172
2885	20.145428908480444
2886	20.145673274857472
2887	20.145089285714285
2888	20.145256889434343
2889	20.145332747792022
2890	20.14549318839065
2891	20.145834639471136
2892	20.1460922974074
2893	20.146027525043333
2894	20.146172581767573
2895	20.145932897858103
2896	20.146001390820583
2897	20.14612545099375
2898	20.146340785422908
2899	20.146443805315883
2900	20.146406844634573
2901	20.14634908293184
2902	20.146172370000762
2903	20.146157368223886
2904	20.146127493134344
2905	20.1462095739887
2906	20.146250017325738
2907	20.14632405919193
2908	20.146350584862148
2909	20.14647503132767
2910	20.146214695521582
2911	20.14614336218288
2912	20.14626673674892
2913	20.146041315229116
2914	20.145872352189087
2915	20.14571732552195
2916	20.145577225890218
2917	20.145499357938775
2918	20.145699614890887
2919	20.145858343337334
2920	20.145849426175236
2921	20.145854304270486
2922	20.145942891013227
2923	20.146211562708853
2924	20.146293082072898
2925	20.146353890537537
2926	20.146498262036687
2927	20.1464753844566
2928	20.146334585173264
2929	20.14618013297854
2930	20.145652622173344
2931	20.145672294024283
2932	20.145435812899237
2933	20.145566404372484
2934	20.14582732726549
2935	20.146060631012666
2936	20.145892924512125
2937	20.14560776757613
2938	20.145930013366694
2939	20.14573511676351
2940	20.145705752606414
2941	20.145546303651155
2942	20.145903356311138
2943	20.145942394941596
2944	20.145961883131985
2945	20.146179674624396
2946	20.14588161303774
2947	20.145942104256076
2948	20.145953737481385
2949	20.14588341346154
2950	20.145854098114444
2951	20.14570096838255
2952	20.14572730621768
2953	20.145560685520994
2954	20.145415624169125
2955	20.145091491464203
2956	20.145021630275572
2957	20.144746519926993
2958	20.144895666678014
2959	20.144908598418336
2960	20.144619215435483
2961	20.144604042547403
2962	20.14476081694814
2963	20.144485374075686
2964	20.14455956789075
2965	20.1443736586161
2966	20.144488576569238
2967	20.14454911968724
2968	20.14464354776331
2969	20.14494916265914
2970	20.145056956875507
2971	20.14538355690823
2972	20.145573437235303
2973	20.14564027529399
2974	20.145481631962078
2975	20.145528147085106
2976	20.145484689561833
2977	20.14534753932014
2978	20.14522400676247
2979	20.145099576815436
2980	20.145139381652307
2981	20.14491275240328
2982	20.14507415111159
2983	20.145181434599156
2984	20.145315642420396
2985	20.14486564526031
2986	20.14466070489216
2987	20.14493076062187
2988	20.14487518197013
2989	20.144833115491895
2990	20.145137499747428
2991	20.1450213098308
2992	20.144891736722016
2993	20.144808375497902
2994	20.144854815602027
2995	20.14479939215858
2996	20.144710397720015
2997	20.144858588505656
2998	20.14475522596593
2999	20.14475362941674
3000	20.144603384505917
3001	20.14433245651707
3002	20.143993667659448
3003	20.143864919598194
3004	20.143479601549828
3005	20.143559811562252
3006	20.143477270595803
3007	20.143664575060104
3008	20.14340703847261
3009	20.14318983343483
3010	20.14318303451967
3011	20.14322974138796
3012	20.143539070439108
3013	20.143544571130686
3014	20.14350330046233
3015	20.143664342389997
3016	20.143710815701095
3017	20.143696228215962
3018	20.143507212725357
3019	20.143338335834585
3020	20.143350558426405
3021	20.143161851945663
3022	20.143370226489775
3023	20.143114071606995
3024	20.143288074420834
3025	20.143005491762356
3026	20.142997837298285
3027	20.14291036088475
3028	20.14270894291642
3029	20.14274223034735
3030	20.142721382289416
3031	20.1424462056641
3032	20.142237629417117
3033	20.142377247258146
3034	20.142336638394458
3035	20.141988986930272
3036	20.142116223852288
3037	20.142162875347253
3038	20.14202203104495
3039	20.142128313688076
3040	20.142067997112143
3041	20.142221486508856
3042	20.14207512824756
3043	20.14166137314065
3044	20.141507749092135
3045	20.141367453547577
3046	20.141347170809095
3047	20.14118059089017
3048	20.141180200949922
3049	20.140993977494848
3050	20.140607980988218
3051	20.140615307455754
3052	20.140601910491874
3053	20.140614901671128
3054	20.14040940106141
3055	20.140276532925608
3056	20.140277366011134
3057	20.139986564451117
3058	20.140086249465057
3059	20.14015954295944
3060	20.140152910832718
3061	20.140053277205908
