step	max_reward
0	11.604651162790697
1	10.821161162987185
2	10.895833333333334
3	10.687265803304951
4	10.824242331764914
5	10.986058224290042
6	11.106633638080798
7	11.354345633170666
8	11.255063136619858
9	11.37234843860973
10	11.359676266504714
11	11.306553168197661
12	11.315507175611414
13	11.309908372327468
14	11.303759260822956
15	11.384506913306009
16	11.353585535786541
17	11.344597273386166
18	11.267496925797468
19	11.187242672767168
20	11.19713916249875
21	11.296853606554926
22	11.319879192195527
23	11.345293771482543
24	11.338658728543752
25	11.393518368403116
26	11.41346135984695
27	11.437801760367917
28	11.461408779615567
29	11.459211671208761
30	11.421097168502197
31	11.429957463191105
32	11.457136141128645
33	11.479291055368822
34	11.47644439736745
35	11.424518220987752
36	11.352247106658023
37	11.385917785970923
38	11.3488403497226
39	11.350800129518671
40	11.348163211706913
41	11.344309800670993
42	11.344111220944441
43	11.36383867827663
44	11.398022236927122
45	11.360415429184117
46	11.370708784997406
47	11.343617278003379
48	11.333909918869152
49	11.28714970672249
50	11.282919735904285
51	11.232341625563125
52	11.219570840933905
53	11.229401668610807
54	11.235112685687243
55	11.256249753890499
56	11.236396995097069
57	11.21564785076422
58	11.20006347422846
59	11.213868761044676
60	11.214519038901246
61	11.206619057171034
62	11.21084020882418
63	11.20212488554027
64	11.205545641603255
65	11.208901894214618
66	11.190843703844468
67	11.200837483481756
68	11.19217993577995
69	11.195640259965833
70	11.185876876512157
71	11.186095248447375
72	11.189307438777043
73	11.18538989176383
74	11.192192394862516
75	11.17563360142258
76	11.179177349446851
77	11.168269929223058
78	11.182539457636896
79	11.199183921547203
80	11.191482274176666
81	11.180218047887534
82	11.186730239551387
83	11.181095487079407
84	11.185718451070647
85	11.15796288529691
86	11.16354359150912
87	11.147941293312515
88	11.139438523053824
89	11.140140982290763
90	11.153522537235183
91	11.151573657758588
92	11.14677580800786
93	11.14160337506794
94	11.12670546503792
95	11.121588630217518
96	11.117299302389942
97	11.110407060303839
98	11.092269053735642
99	11.078737359031095
100	11.078199042429189
101	11.079390737745497
102	11.076029186474138
103	11.094660548194117
104	11.094616245535656
105	11.084949095712492
106	11.082094012090659
107	11.09809721901452
108	11.104229799378418
109	11.096439158784948
110	11.0910157996287
111	11.091748527466782
112	11.096791329336417
113	11.095734928398
114	11.090866851660511
115	11.093662838367413
116	11.094592742288206
117	11.092999968765298
118	11.084457845999939
119	11.087242530513775
120	11.077974413352917
121	11.085403766570264
122	11.082053654620827
123	11.07148743486126
124	11.073360680738945
125	11.07415289236534
126	11.084943780249002
127	11.085115645537224
128	11.087505508909723
129	11.088633532638845
130	11.089925299976793
131	11.081264330432417
132	11.082963782213255
133	11.080074788848986
134	11.077555872812992
135	11.063157886959564
136	11.066828248002443
137	11.067584838481743
138	11.07444098510551
139	11.065075264101617
140	11.057673356988985
141	11.060032527333876
142	11.067234407198042
143	11.067980310917621
144	11.071553327068363
145	11.079674392747886
146	11.085032847306096
147	11.066693408948154
148	11.06840455132742
149	11.063873476345046
150	11.062589572552733
151	11.063770759608618
152	11.067312990147558
153	11.062532065975272
154	11.072874357592838
155	11.073935223115203
156	11.072737157106696
157	11.05846659412037
158	11.069406533779448
159	11.079359044773582
160	11.07040601843989
161	11.069575805094326
162	11.08186481033107
163	11.079131971617599
164	11.084532078915855
165	11.089863412917783
166	11.088519346213786
167	11.084530551560496
168	11.082738266496984
169	11.095919787430606
170	11.09761742272365
171	11.090987653163031
172	11.097021763670417
173	11.104985455676857
174	11.104153737544838
175	11.110517077017791
176	11.111711473814747
177	11.10672448404771
178	11.10164393392142
179	11.106557574371141
180	11.099776539530573
181	11.101106128724108
182	11.094917039830976
183	11.09754259869769
184	11.092942269131074
185	11.093915515133906
186	11.097042297440195
187	11.101397144019108
188	11.096413614309792
189	11.090719548468252
190	11.087664146149885
191	11.077161393620706
192	11.075995738990336
193	11.0773664038726
194	11.080795227906664
195	11.080299601126107
196	11.073586144589473
197	11.080116326268541
198	11.083780126869327
199	11.077154766300072
200	11.067108623798077
201	11.056323528843379
202	11.058363825279896
203	11.06193845297465
204	11.061120791307893
205	11.055756441824416
206	11.046119034737824
207	11.05408850156374
208	11.05109786404671
209	11.059582788531179
210	11.054186283923267
211	11.056628096569984
212	11.055075738548542
213	11.057793438185902
214	11.04982686591985
215	11.058447185750202
216	11.060821049129135
217	11.065217967527275
218	11.06900523668856
219	11.070335742371295
220	11.072997598302663
221	11.077173054098592
222	11.076273742594447
223	11.078098715272123
224	11.0770867376671
225	11.07599061083769
226	11.073962384672228
227	11.07465506766021
228	11.075628436157848
229	11.075025970025992
230	11.07698173701386
231	11.07673743643072
232	11.070870301213542
233	11.074898864701929
234	11.076819617122425
235	11.081771727464993
236	11.083935773536533
237	11.077630510543786
238	11.074898115788239
239	11.072189790753935
240	11.073370625790604
241	11.075240749072304
242	11.069985375445823
243	11.068983795136953
244	11.067143467043499
245	11.064473781723196
246	11.062245267811479
247	11.0649927874626
248	11.065323210922436
249	11.067931065208068
250	11.062881590278435
251	11.062053495240443
252	11.065813477335869
253	11.063319647527901
254	11.058030790619252
255	11.060019633963535
256	11.053961228178869
257	11.057583300677582
258	11.052889697956589
259	11.058120563147087
260	11.063469834990645
261	11.06611999992465
262	11.063700641457407
263	11.061154394282088
264	11.05877396657476
265	11.060604743010032
266	11.0508481155452
267	11.05433690109199
268	11.055464235822285
269	11.058836771346126
270	11.054450272811149
271	11.051165068955346
272	11.051124591539734
273	11.054695170919024
274	11.060452035793071
275	11.061323633514716
276	11.059225874053421
277	11.054552665821655
278	11.061727120693162
279	11.064714072937551
280	11.062468771438873
281	11.058467127705343
282	11.05894402702081
283	11.059187901985661
284	11.056707993569617
285	11.058646612682612
286	11.057860278254333
287	11.053724205529491
288	11.050057878974073
289	11.053640975478135
290	11.053530184437049
291	11.055728754775659
292	11.051764674376134
293	11.045831438314705
294	11.046884121713845
295	11.046868254031756
296	11.045876070699574
297	11.050157832329463
298	11.051122731323156
299	11.055842109724331
300	11.053914641803797
301	11.05692326820279
302	11.058258458908218
303	11.062317933400735
304	11.063980743682231
305	11.058247842423903
306	11.057512425230584
307	11.054959978228242
308	11.062628061999801
309	11.062620602211787
310	11.058948160042286
311	11.061303595337519
312	11.054501176262105
313	11.053136451141492
314	11.051116296329296
315	11.050501767186029
316	11.05211818426159
317	11.054053935939576
318	11.052901894434832
319	11.052542846019332
320	11.056798869507725
321	11.055979939096218
322	11.05651638217629
323	11.055639422672206
324	11.058223670306363
325	11.0609884796679
326	11.0570473218912
327	11.056232815039547
328	11.05709073367697
329	11.059713774970293
330	11.061491963787624
331	11.064184055465933
332	11.063493678673389
333	11.059814553937244
334	11.063673894336484
335	11.062244392129461
336	11.05836973774983
337	11.060180215136473
338	11.058222762381815
339	11.05829599408376
340	11.055494452793345
341	11.051576074043654
342	11.047755965779722
343	11.042492015144623
344	11.04069054029833
345	11.045861465372573
346	11.045618992261609
347	11.042444625480329
348	11.041433532460681
349	11.038527935566568
350	11.041144152550498
351	11.04292930027224
352	11.043224430252424
353	11.042181894168309
354	11.043310395615977
355	11.040117378501625
356	11.038560104658286
357	11.04290983493044
358	11.041813361086199
359	11.03841671394313
360	11.04033818875732
361	11.040356314914922
362	11.04161893364227
363	11.044637295108178
364	11.042418939697681
365	11.041116819775366
366	11.039320995655396
367	11.04231866648197
368	11.040742573796722
369	11.04063092140782
370	11.037233801073302
371	11.03625554021872
372	11.03788201088326
373	11.037959591043435
374	11.038804699591108
375	11.036662668299881
376	11.03646448298109
377	11.03375934896582
378	11.028228086596007
379	11.03326785396961
380	11.031664445513252
381	11.03473223829024
382	11.03940010225342
383	11.040122153108817
384	11.039376462312232
385	11.037683814776797
386	11.040003244749327
387	11.038850853016728
388	11.041732966513363
389	11.036754172974668
390	11.040318176024254
391	11.038535429255429
392	11.042913478722308
393	11.04726667106996
394	11.046783025738883
395	11.046411157338682
396	11.042130642822825
397	11.040377418860249
398	11.04048442860325
399	11.043011164501491
400	11.046105906427922
401	11.041991812887716
402	11.040876737188121
403	11.040829826574456
404	11.044962145698726
405	11.041247148734858
406	11.039674350905054
407	11.04059188069571
408	11.042316020524316
409	11.038641365099252
410	11.034446418820785
411	11.035115237564703
412	11.036381724449134
413	11.037096385723995
414	11.042326977084143
415	11.043618387290271
416	11.04560161391391
417	11.04204878365369
418	11.043626435040911
419	11.039889422270418
420	11.039022570444564
421	11.043622346102088
422	11.045808414957024
423	11.048039543365071
424	11.045941059427326
425	11.047196813278736
426	11.047431047856794
427	11.042767601334518
428	11.040756154512586
429	11.037319420900214
430	11.037240418154198
431	11.037725881575993
432	11.031607954315392
433	11.029308834474046
434	11.030526618284094
435	11.034052485773028
436	11.037550687441762
437	11.0360570570327
438	11.036297296709927
439	11.03491302986873
440	11.03447389865173
441	11.032534179971583
442	11.032243436875532
443	11.0298136052951
444	11.024991381330368
445	11.026191649850167
446	11.025360674720526
447	11.023527378561587
448	11.022571689165085
449	11.018780705001014
450	11.016201454119463
451	11.014530691737399
452	11.011327053269858
453	11.010500955614052
454	11.010483815815734
455	11.009520770537653
456	11.01009519096544
457	11.011560637233758
458	11.012262769515424
459	11.008850931849729
460	11.008879092075395
461	11.006691424399621
462	11.004554318700578
463	11.005702464506241
464	11.005825793938454
465	11.005027107000403
466	11.002832107463439
467	11.006822427392802
468	11.00606663214661
469	11.005754890320253
470	11.006185207074324
471	11.007262936724288
472	11.008029022355869
473	11.007047752646006
474	11.008163226649092
475	11.00389145375799
476	11.00479382686107
477	11.005774618653833
478	11.003848755615024
479	11.004959452865297
480	11.001884020736236
481	11.001596147799317
482	11.000028176453917
483	10.997029218806295
484	10.998057776808775
485	10.996127406536377
486	10.997609680455984
487	11.001274798969815
488	11.001992311413655
489	11.000826533175738
490	11.001876000588034
491	10.999760196860054
492	10.994700326750184
493	10.991280899316994
494	10.990066815864276
495	10.988478883324293
496	10.992132257456435
497	10.996027848612112
498	10.99314013481336
499	10.994971506252082
500	10.995966995623146
501	10.993941046068826
502	10.994411938913185
503	10.99114073764135
504	10.990844282071647
505	10.985126862034392
506	10.98794404099755
507	10.985434927411362
508	10.984860542319778
509	10.983853985099048
510	10.982856162670744
511	10.983936003039167
512	10.98129536289379
513	10.984084458450148
514	10.984718768257135
515	10.985543639950155
516	10.984591118620617
517	10.9828481351765
518	10.984673735750851
519	10.983844568215828
520	10.982499105335993
521	10.979838463703112
522	10.979970098246692
523	10.9773190704428
524	10.9765255891809
525	10.97584555134136
526	10.977255514254496
527	10.981951358490576
528	10.980517035543036
529	10.980332561373421
530	10.981799406060018
531	10.979150492318945
532	10.979315346585174
533	10.97916812395141
534	10.976534661962843
535	10.975937592896305
536	10.976334602620824
537	10.976236071029785
538	10.978789235787103
539	10.978460768525824
540	10.97627723260743
541	10.97248526424435
542	10.972548620374123
543	10.973543541324998
544	10.97415623690451
545	10.972527024235873
546	10.97143368674291
547	10.970297938488736
548	10.971928216199187
549	10.971502178547027
550	10.969224206581476
551	10.96869660836993
552	10.969137719369987
553	10.969750239698264
554	10.967712188729697
555	10.964138919974953
556	10.962116905148553
557	10.963367881727383
558	10.963087093208474
559	10.966665922431488
560	10.96459222876205
561	10.96483717278266
562	10.964250570530034
563	10.964466329967998
564	10.962310421232695
565	10.961448756754173
566	10.962788633575533
567	10.963981085539258
568	10.964126551846464
569	10.961720778670665
570	10.961216733765006
571	10.961927588562132
572	10.957300629516318
573	10.957388484348582
574	10.957218432430688
575	10.95563324835098
576	10.954726363047179
577	10.953323654377565
578	10.950974720851473
579	10.950465303220318
580	10.944910052857745
581	10.94444918172369
582	10.945213020413703
583	10.943950860238632
584	10.943526009328787
585	10.941011652769497
586	10.940914224255373
587	10.939910497611091
588	10.938423621987198
589	10.936811306080948
590	10.937822322940352
591	10.941210989073076
592	10.938189858437438
593	10.936649229161386
594	10.9357057326792
595	10.935832308478423
596	10.933456273261346
597	10.93156464509441
598	10.931511375548908
599	10.932484466088695
600	10.931750633790587
601	10.92872989860297
602	10.930006851628535
603	10.926008370770209
604	10.92559660151342
605	10.926406237627731
606	10.92274515977198
607	10.922673638198702
608	10.923308509247963
609	10.923269529200388
610	10.92348389531927
611	10.923750092003392
612	10.92465347675457
613	10.923920361107498
614	10.921072415733951
615	10.919950292656692
616	10.919586822299912
617	10.918765116968645
618	10.918314018250769
619	10.915468561346977
620	10.917320596729397
621	10.916185661369196
622	10.913747997738422
623	10.910988971126963
624	10.913135283293917
625	10.913377153017374
626	10.914390319103777
627	10.913271177078979
628	10.91623164775012
629	10.918470610199558
630	10.919795121204055
631	10.918180010319448
632	10.917860947173779
633	10.919118604961815
634	10.91719365956692
635	10.915221310013436
636	10.915810384153652
637	10.91514865721408
638	10.914773486642813
639	10.915076462645995
640	10.916475680402216
641	10.916542138265607
642	10.915509186865101
643	10.918998778647605
644	10.918191681892143
645	10.919109844480458
646	10.918362807169771
647	10.91635716995401
648	10.916868067792707
649	10.913185586656569
650	10.909739252553452
651	10.906731123594836
652	10.903698760566296
653	10.902891019982588
654	10.905604319290001
655	10.90588552566569
656	10.904305812790977
657	10.90263699845903
658	10.90292105154622
659	10.900917715972431
660	10.902818300644583
661	10.90239120759533
662	10.899671054210968
663	10.899338644979979
664	10.89800560952051
665	10.8988503362338
666	10.898798648439886
667	10.897461352527896
668	10.895916911952026
669	10.89234090357296
670	10.892296876763766
671	10.888380257140248
672	10.888975317394634
673	10.886401940527382
674	10.884799334458279
675	10.883168012595004
676	10.880614222874426
677	10.8802654305996
678	10.881106094523707
679	10.880261363888915
680	10.880890290427187
681	10.881171167250942
682	10.879508583261254
683	10.879369039530129
684	10.878394160195722
685	10.87907191892285
686	10.878541221998494
687	10.881826955526455
688	10.882009955504138
689	10.879234992198276
690	10.87813114127489
691	10.877926837193753
692	10.878874964148435
693	10.87797219745153
694	10.87832795704561
695	10.876703462257082
696	10.877000314861695
697	10.877647528723884
698	10.875872275371002
699	10.87497925028318
700	10.87282087442964
701	10.872967859336208
702	10.872236225601629
703	10.872194448137307
704	10.870733470613365
705	10.871091423133636
706	10.873543712030223
707	10.874361478297907
708	10.875003438143866
709	10.874302420994722
710	10.873708313961307
711	10.873200372652365
712	10.873151752825999
713	10.87495234651123
714	10.8743594105662
715	10.872832551077588
716	10.874008802367166
717	10.871616494671489
718	10.870589558739624
719	10.873228706531073
720	10.872056337514675
721	10.871871329805359
722	10.870422864019986
723	10.872769027893936
724	10.875103936554986
725	10.874521034489206
726	10.876520602734058
727	10.878109654539445
728	10.876637489894716
729	10.876061439035649
730	10.874574198022682
731	10.87658433007009
732	10.875041492351182
733	10.87280176401872
734	10.872981342969972
735	10.872415124687869
736	10.874186558803887
737	10.872998768083313
738	10.870908092928003
739	10.87034196726733
740	10.86805255013171
741	10.869150619858267
742	10.867224648201121
743	10.866717566516487
744	10.866462620222874
745	10.867523261601573
746	10.866473155289448
747	10.865948484834078
748	10.86618712157109
749	10.867570194800221
750	10.86587916909284
751	10.866416747677034
752	10.86464002830707
753	10.861741153705722
754	10.860093964839015
755	10.858922820133582
756	10.857906209848874
757	10.857054868962864
758	10.856014378259047
759	10.857998444639906
760	10.856272236286106
761	10.855165150270679
762	10.855128810745004
763	10.853663583796969
764	10.854156552544367
765	10.852429026193462
766	10.851938104944265
767	10.851236659491024
768	10.85106143188396
769	10.8502309061337
770	10.851589205999497
771	10.851025717599052
772	10.84975128089541
773	10.849082149484971
774	10.846881030019805
775	10.844989984496738
776	10.841703585590261
777	10.842332836875785
778	10.84337772154266
779	10.843114877908436
780	10.843213279372826
781	10.84352130776844
782	10.842391486467362
783	10.84154552709942
784	10.842404479032227
785	10.842642486778237
786	10.843261044890097
787	10.840608999721162
788	10.840921628186532
789	10.84019830210459
790	10.83821071220939
791	10.839063942911125
792	10.837924612582075
793	10.836794478110754
794	10.834964750247211
795	10.837394230762518
796	10.837178717273964
797	10.837260919424443
798	10.836478159074884
799	10.836948184241848
800	10.835840119169903
801	10.83678068986757
802	10.836791088003
803	10.835809684313068
804	10.835888713468872
805	10.835173321258267
806	10.835737455089582
807	10.833657960991717
808	10.833998663182783
809	10.834123272883733
810	10.83074056536929
811	10.833356120290482
812	10.832406543994875
813	10.832259984454017
814	10.832321563704728
815	10.834992966293155
816	10.83411850983682
817	10.833589801085413
818	10.832500266271925
819	10.834412810227748
820	10.833856867712807
821	10.832132620062866
822	10.83223277146943
823	10.836149862829346
824	10.835257764621629
825	10.834823003150023
826	10.834475357046669
827	10.835320331732019
828	10.833079993017956
829	10.83318430748237
830	10.835219441751663
831	10.836295499452149
832	10.83530231495179
833	10.835362787831325
834	10.835394780183286
835	10.834584402783156
836	10.834332111439451
837	10.835049860199288
838	10.835330137184894
839	10.835098050057569
840	10.835367621885432
841	10.835332962991854
842	10.834925134795785
843	10.834710713919822
844	10.836151155318877
845	10.836359671062995
846	10.836412057888248
847	10.836464321769181
848	10.835406054734214
849	10.834346459674578
850	10.833211896027631
851	10.830983780913424
852	10.829594084582665
853	10.829895798759031
854	10.829246762137936
855	10.827336046879447
856	10.825972636218749
857	10.82664411606997
858	10.826191114750433
859	10.825786399472069
860	10.824072177977543
861	10.822634879789204
862	10.824205706318027
863	10.824790142692764
864	10.824359910272362
865	10.822440603703296
866	10.82351262120369
867	10.822534288742574
868	10.821579700907488
869	10.821715632862126
870	10.82165980011795
871	10.819670267040507
872	10.817681305687946
873	10.81657131236879
874	10.81610060353062
875	10.813032183805229
876	10.813128477376905
877	10.811945169439507
878	10.813179901318899
879	10.812428755725888
880	10.810908657599049
881	10.810529397867716
882	10.810464541431493
883	10.807593277954068
884	10.804658035475986
885	10.80541036508207
886	10.806705562641993
887	10.805400535894334
888	10.804740729888973
889	10.80386833926845
890	10.803478702851555
891	10.80378995651419
892	10.802666113474286
893	10.801845361975296
894	10.80125691285306
895	10.801493976628088
896	10.801588414816104
897	10.801159242010597
898	10.801393730279445
899	10.80123552522143
900	10.799385145186132
901	10.800683260012253
902	10.799564740993613
903	10.798635436432336
904	10.798319704159729
905	10.797045487591094
906	10.797103657943891
907	10.798004312667393
908	10.797650523944187
909	10.795692371731032
910	10.794571603443774
911	10.794399692947698
912	10.794436404258384
913	10.794756986746814
914	10.794606755820924
915	10.792694352642428
916	10.792373428727808
917	10.790318758868032
918	10.789008910028226
919	10.787944451925826
920	10.786842989492625
921	10.785504652248072
922	10.783464297693827
923	10.7830555499173
924	10.783219914017108
925	10.781309861480366
926	10.780482551244054
927	10.780793438117408
928	10.78134013507832
929	10.781923375881604
930	10.783777560508032
931	10.78267501220172
932	10.782756131925913
933	10.783240922140237
934	10.783166554605618
935	10.782346386918679
936	10.782474395641
937	10.781677263906337
938	10.781544766444725
939	10.780865854003158
940	10.782108879085245
941	10.78271572078629
942	10.782433946447155
943	10.783599553276096
944	10.784385005013993
945	10.784414555893896
946	10.78270762013262
947	10.78259669575536
948	10.782170160110722
949	10.781861503845176
950	10.781089053936858
951	10.78022543050957
952	10.779458665244059
953	10.779838944097714
954	10.781624552175568
955	10.780555649039975
956	10.779465632111716
957	10.779963594233259
958	10.780892834319085
959	10.781205854451347
960	10.779964973902699
961	10.777403519299073
962	10.777936132205939
963	10.777183449270346
964	10.774844904403775
965	10.77310904229198
966	10.773016196446097
967	10.773585981340696
968	10.773917979936693
969	10.773976086842666
970	10.771904500304283
971	10.771544031557054
972	10.771424808593995
973	10.770439913159372
974	10.771747576659253
975	10.770837519099823
976	10.771593974491246
977	10.770118552874928
978	10.770026981666458
979	10.769671881327346
980	10.768869438251782
981	10.76744775713633
982	10.76685037137061
983	10.765265590790845
984	10.764261958324479
985	10.762587037005925
986	10.763658029578167
987	10.762638654793369
988	10.760989843130668
989	10.762568430165386
990	10.763123040988905
991	10.765513352619937
992	10.764305395309519
993	10.762313319547408
994	10.763172846128093
995	10.76029233788534
996	10.759596349262551
997	10.760346514840156
998	10.75977991411733
999	10.759881652399157
1000	10.759433436361883
1001	10.759760951208964
1002	10.761318494249648
1003	10.760506077524873
1004	10.761034801237045
1005	10.759467988103635
1006	10.759406671643406
1007	10.759360740427583
1008	10.759259484271254
1009	10.757864074253975
1010	10.756906021810842
1011	10.756341701943372
1012	10.755440505765966
1013	10.757460103476049
1014	10.757186486041237
1015	10.756278437265713
1016	10.75767055018287
1017	10.757994649991144
1018	10.757903851270179
1019	10.759704058170177
1020	10.75942816680658
1021	10.757639140723157
1022	10.757743959659207
1023	10.757067140551069
1024	10.757582496988288
1025	10.757235996389397
1026	10.757173243290552
1027	10.754997946944608
1028	10.756120426034885
1029	10.756050473810989
1030	10.755928021109616
1031	10.75664531721918
1032	10.757287516616003
1033	10.7576593309019
1034	10.758810333702982
1035	10.758715345853233
1036	10.757379657397257
1037	10.757074819431141
1038	10.7563758632608
1039	10.757072815233895
1040	10.756504545678366
1041	10.755757708871828
1042	10.7549544698884
1043	10.755507867647326
1044	10.75660112473093
1045	10.757322654776578
1046	10.756667491452244
1047	10.756166610890334
1048	10.75649875651331
1049	10.755961885751836
1050	10.755681456778328
1051	10.755505666102883
1052	10.755625526476512
1053	10.754516569302284
1054	10.755719062470558
1055	10.754652045489648
1056	10.754102720178263
1057	10.75339350034833
1058	10.753686735332696
1059	10.752068499745713
1060	10.750431018112552
1061	10.749114532723905
1062	10.750001445104266
1063	10.749101923472846
1064	10.747955391912633
1065	10.748266054762649
1066	10.748500293499832
1067	10.749919260831339
1068	10.750301422662652
1069	10.751979513413302
1070	10.752125739185605
1071	10.752448150584026
1072	10.751778895769714
1073	10.750901911348485
1074	10.750968573319224
1075	10.750901781882366
1076	10.750040598094444
1077	10.75103156110512
1078	10.750983670227752
1079	10.751462474058256
1080	10.749423796909943
1081	10.748947056449731
1082	10.74750198966004
1083	10.748221968521257
1084	10.74866848660845
1085	10.748205048892954
1086	10.748532717731992
1087	10.7484363652046
1088	10.74740881103629
1089	10.747166597797767
1090	10.746106582393779
1091	10.744963631327355
1092	10.745457626844567
1093	10.745378536028422
1094	10.744593681287196
1095	10.742740690374497
1096	10.743062457976718
1097	10.743542190629142
1098	10.744083773900257
1099	10.742866593779373
1100	10.743162819301435
1101	10.743288412294238
1102	10.741672944455336
1103	10.741983211004202
1104	10.742347882254107
1105	10.74359370320288
1106	10.744298980361215
1107	10.743450079608706
1108	10.743500418873177
1109	10.742715938829182
1110	10.741859993564624
1111	10.740815615897958
1112	10.740122456858867
1113	10.739501023542998
1114	10.739580161068622
1115	10.738397894473138
1116	10.73776321122104
1117	10.737068247009299
1118	10.738497023175324
1119	10.738969888950727
1120	10.738358052130673
1121	10.738907791326314
1122	10.738458041221449
1123	10.737879788329717
1124	10.738038957027806
1125	10.738645003727846
1126	10.738490733936558
1127	10.73817820764421
1128	10.735984946713183
1129	10.737153042178164
1130	10.738178834650915
1131	10.738488950503905
1132	10.738386074565629
1133	10.736840392985778
1134	10.736435966331133
1135	10.73775988855242
1136	10.738279711188996
1137	10.740429112468979
1138	10.739264745995683
1139	10.739182529773936
1140	10.73909898129461
1141	10.739018729197307
1142	10.737902172431287
1143	10.738526292425536
1144	10.739393682975384
1145	10.738942515581808
1146	10.740018322417185
1147	10.739966877366976
1148	10.739095051724918
1149	10.738670283722064
1150	10.739144622350837
1151	10.739151421100654
1152	10.738711425644095
1153	10.73859728132893
1154	10.738526750146978
1155	10.739220756853124
1156	10.738783865830243
1157	10.738161472453385
1158	10.738969369207618
1159	10.738619624637506
1160	10.739187077484118
1161	10.739675368077165
1162	10.73891417184359
1163	10.738461324037237
1164	10.738165627130376
1165	10.73843650803964
1166	10.737786187065971
1167	10.737017153264043
1168	10.737666143919832
1169	10.737634790932775
1170	10.738010107476732
1171	10.738262641270769
1172	10.739217619104634
1173	10.737887808041352
1174	10.737427220916853
1175	10.737469590929287
1176	10.736342619222873
1177	10.735556895792765
1178	10.734541050680638
1179	10.734821570351592
1180	10.734093447272654
1181	10.733550342473208
1182	10.73451954659023
1183	10.732696782534857
1184	10.732993048569455
1185	10.73433139378906
1186	10.734966776912193
1187	10.734795940555522
1188	10.735475028569647
1189	10.7363830706538
1190	10.736295983848553
1191	10.735860546296378
1192	10.73437414377673
1193	10.734302908732197
1194	10.734660262766953
1195	10.73495523880623
1196	10.734668399836456
1197	10.73599976179773
1198	10.7362956729045
1199	10.73638592118224
1200	10.735922819971314
1201	10.734064910314826
1202	10.734093730416351
1203	10.734219134840595
1204	10.731851056804144
1205	10.731973634278908
1206	10.731324412654665
1207	10.73108913403869
1208	10.729993158403815
1209	10.729542038932882
1210	10.729480820205634
1211	10.728240036556864
1212	10.728363460109183
1213	10.72876515772158
1214	10.72755264021019
1215	10.726511613166014
1216	10.725760853333563
1217	10.724792082543416
1218	10.725186426325019
1219	10.723268623281202
1220	10.72385454491508
1221	10.723321596860353
1222	10.723613398143016
1223	10.72388957567913
1224	10.723285403281414
1225	10.723402321798936
1226	10.72342474583404
1227	10.722491601474823
1228	10.721413256696094
1229	10.721903649874037
1230	10.722243984360075
1231	10.720922127459046
1232	10.720657088778779
1233	10.720788580322166
1234	10.720915766785518
1235	10.721392377238422
1236	10.721004211974748
1237	10.719719845252
1238	10.719140994885882
1239	10.71906556934094
1240	10.719166844092287
1241	10.717781320250918
1242	10.716370075861064
1243	10.715806640847303
1244	10.715422833824414
1245	10.715731723339527
1246	10.714520767801732
1247	10.71389909444404
1248	10.713912311980721
1249	10.712497288588393
1250	10.712161852582659
1251	10.712675285111315
1252	10.712677904035452
1253	10.712332963555045
1254	10.712267220193217
1255	10.711707826424268
1256	10.71202231489393
1257	10.710997690648975
1258	10.709771812457229
1259	10.71071247358589
1260	10.711069522058501
1261	10.711406691866042
1262	10.710894473030226
1263	10.71003425880805
1264	10.709517186976855
1265	10.70995159698637
1266	10.708908588000103
1267	10.709968316906075
1268	10.709073708123794
1269	10.70972616431572
1270	10.709646124077583
1271	10.709932688212062
1272	10.71088020262031
1273	10.711520599813923
1274	10.71054843174558
1275	10.709489763335812
1276	10.709955494803785
1277	10.709268339663678
1278	10.707606348839288
1279	10.706515231371903
1280	10.70645533203495
1281	10.706478479991063
1282	10.707272856796065
1283	10.706606068445195
1284	10.70603808041846
1285	10.706534694651708
1286	10.70681970725013
1287	10.707833899448186
1288	10.707634190910085
1289	10.70678077395794
1290	10.706460102056374
1291	10.70640092956757
1292	10.70553167558091
1293	10.705380064979142
1294	10.705646603196307
1295	10.705237704041389
1296	10.704928702667354
1297	10.70498670542217
1298	10.704611714316679
1299	10.704381936487444
1300	10.70482101283866
1301	10.705278716695416
1302	10.705557903696413
1303	10.704843994072464
1304	10.705188855455159
1305	10.704803528709201
1306	10.70516158070399
1307	10.704517070809608
1308	10.705117454911333
1309	10.704452200619539
1310	10.704212923271493
1311	10.702846178106526
1312	10.70249357103499
1313	10.701126982366413
1314	10.701294537622543
1315	10.700269036425517
1316	10.70038835477449
1317	10.6995338938297
1318	10.698512085651574
1319	10.698804319503015
1320	10.69863732472856
1321	10.698331625866535
1322	10.698711525003379
1323	10.699758267705624
1324	10.699287097712173
1325	10.698629809611269
1326	10.69972477375759
1327	10.700309476217797
1328	10.699476161035037
1329	10.699087577774584
1330	10.698219261181604
1331	10.698534841205927
1332	10.699002918191384
1333	10.698839655394654
1334	10.698797615650378
1335	10.69874050223643
1336	10.697775979289862
1337	10.696113025128891
1338	10.696673915259352
1339	10.696031307388724
1340	10.695198236477706
1341	10.69532282641602
1342	10.695197972351732
1343	10.693913529424496
1344	10.692919203312364
1345	10.692871549899955
1346	10.69271428082075
1347	10.691894761500523
1348	10.691978276428078
1349	10.690826930667528
1350	10.68910932154103
1351	10.689539939084892
1352	10.688558328358342
1353	10.688548858555084
1354	10.688528802302443
1355	10.689191020304387
1356	10.689701604882217
1357	10.689988782468188
1358	10.68945532885813
1359	10.689075970434576
1360	10.689312763543345
1361	10.68787681637233
1362	10.688500772137232
1363	10.68816065752931
1364	10.68838386036766
1365	10.687382070810392
1366	10.688764595922299
1367	10.688785538772336
1368	10.68798778057028
1369	10.687647412313282
1370	10.68730170661702
1371	10.686801486645065
1372	10.68731272630298
1373	10.687599475908248
1374	10.686807274802646
1375	10.687524643449876
1376	10.687615465354096
1377	10.688081779723982
1378	10.688195576554403
1379	10.688044616923642
1380	10.687850867492793
1381	10.688347980735143
1382	10.687427672148743
1383	10.688099955258716
1384	10.686585457079884
1385	10.686726803150867
1386	10.68642825738657
1387	10.686076084013392
1388	10.68547855535213
1389	10.686402050731537
1390	10.685348811908334
1391	10.684408162547179
1392	10.682972309591358
1393	10.683831553264305
1394	10.683632902041932
1395	10.68236663182024
1396	10.68268974601391
1397	10.683010237401913
1398	10.682364818867454
1399	10.681864740185615
1400	10.682248908857774
1401	10.681979799256192
1402	10.682156515193599
1403	10.680496615656123
1404	10.67999970641095
1405	10.67965530342861
1406	10.679420079681849
1407	10.679069795812374
1408	10.678177630257647
1409	10.676945808393146
1410	10.677570234163623
1411	10.676962402766621
1412	10.676808418299682
1413	10.675026414890493
1414	10.675607163188744
1415	10.676482194660222
1416	10.677008746658524
1417	10.676861072483737
1418	10.676542700324319
1419	10.676758362800607
1420	10.677511038776414
1421	10.676725213487899
1422	10.676376036349422
1423	10.675934186551572
1424	10.674743499991745
1425	10.6738105549023
1426	10.673803135248304
1427	10.674404274071035
1428	10.674075782153214
1429	10.673947096932347
1430	10.67454109627195
1431	10.674203677262218
1432	10.673918869906004
1433	10.672484264797658
1434	10.671739744082451
1435	10.670439148808143
1436	10.669956019839695
1437	10.669749855214544
1438	10.669428183011211
1439	10.668935107142321
1440	10.668170469770631
1441	10.667454749772588
1442	10.66745535359472
1443	10.667270556682988
1444	10.667254985698213
1445	10.666799263306244
1446	10.66675844155884
1447	10.666343242143348
1448	10.66562185572857
1449	10.666063836164975
1450	10.666048010272775
1451	10.665614745400699
1452	10.664923620151722
1453	10.666828644766193
1454	10.667306491261442
1455	10.666761347334921
1456	10.665910694929037
1457	10.664929514312586
1458	10.663917398541912
1459	10.663340378905737
1460	10.66359277299518
1461	10.664308959093779
1462	10.664593683725792
1463	10.664615787894975
1464	10.664602260511732
1465	10.665234189331175
1466	10.665123836726298
1467	10.66599548060078
1468	10.665715090788826
1469	10.665713453237787
1470	10.665885804663917
1471	10.665147369991363
1472	10.665978328807872
1473	10.667072059825568
1474	10.666519248025203
1475	10.666277490185578
1476	10.665727110390227
1477	10.664758256306783
1478	10.663589244064873
1479	10.663342054748432
1480	10.663331815622149
1481	10.663169342504947
1482	10.663862053627977
1483	10.66303340961987
1484	10.663040367506616
1485	10.662828727575379
1486	10.662538007351648
1487	10.6622591094173
1488	10.661496697464443
1489	10.661508042646885
1490	10.660899490074412
1491	10.65971191401291
1492	10.658262025548726
1493	10.658080758796986
1494	10.658114482648998
1495	10.658377972572346
1496	10.658675971187307
1497	10.658419384641821
1498	10.658912488207887
1499	10.659455322702952
1500	10.659354547439202
1501	10.658613172015887
1502	10.658639758498826
1503	10.658198409176197
1504	10.659969197872446
1505	10.660798616689734
1506	10.658928061384994
1507	10.658950094298605
1508	10.658673004431478
1509	10.658263613464293
1510	10.65795727113752
1511	10.657120247601767
1512	10.657689383368208
1513	10.658084666141239
1514	10.657715560379176
1515	10.65750572275659
1516	10.65735546584008
1517	10.657917174249167
1518	10.657115155684375
1519	10.657107104677143
1520	10.658749139064456
1521	10.659182265874014
1522	10.65874837744256
1523	10.659186663952022
1524	10.659054626679115
1525	10.659321133353563
1526	10.658948831291747
1527	10.658930591480763
1528	10.659357423097607
1529	10.659448267896185
1530	10.659992942057025
1531	10.660309427444808
1532	10.659349328444211
1533	10.660683169245678
1534	10.660345855330121
1535	10.659379012255556
1536	10.65894139785238
1537	10.659384206021157
1538	10.659107761420863
1539	10.659322608214849
1540	10.659190767525251
1541	10.658116902616495
1542	10.657813848479002
1543	10.657850053603033
1544	10.657999647744013
1545	10.65748795739233
1546	10.656636567679241
1547	10.656749815245794
1548	10.655104545523317
1549	10.655792746618273
1550	10.656894707637205
1551	10.657387128941078
1552	10.65709736523999
1553	10.657373313773395
1554	10.656680154342038
1555	10.655868773130447
1556	10.655846586756962
1557	10.65609223873316
1558	10.655456497891086
1559	10.654379463598367
1560	10.654103808935577
1561	10.654065756339637
1562	10.653344984566397
1563	10.653360948608194
1564	10.65375226272565
1565	10.653496003891462
1566	10.653677269070544
1567	10.652760985541843
1568	10.653390213060627
1569	10.653261691596041
1570	10.653866193726682
1571	10.654830433251469
1572	10.655038756563963
1573	10.654655725891741
1574	10.65503763760534
1575	10.654894646006262
1576	10.653292792505084
1577	10.653005888790249
1578	10.654045258300313
1579	10.653624907376747
1580	10.652379461835539
1581	10.652151140346339
1582	10.651902027184883
1583	10.650948536635589
1584	10.651605263031486
1585	10.652098781571508
1586	10.650886474376343
1587	10.65088611082972
1588	10.65062095228702
1589	10.650976416129744
1590	10.651485861245838
1591	10.65124580939623
1592	10.650995490695388
1593	10.651360177044655
1594	10.651007749273093
1595	10.65124773423771
1596	10.651108036616758
1597	10.651130505416141
1598	10.651688470219783
1599	10.651386774632899
1600	10.65075921184088
1601	10.65167477308005
1602	10.650637523767855
1603	10.650349852673422
1604	10.650199903095718
1605	10.650833518988842
1606	10.651693221465845
1607	10.651993202016014
1608	10.652622478388198
1609	10.653122747327073
1610	10.653668176088813
1611	10.653653513192891
1612	10.654308356391994
1613	10.653759463366418
1614	10.654322304915857
1615	10.654097470326867
1616	10.653560113072519
1617	10.652761333082774
1618	10.65181871586983
1619	10.651845445480523
1620	10.651894799112409
1621	10.65256128611225
1622	10.652147162554542
1623	10.651519899489017
1624	10.651378104785822
1625	10.651373108396836
1626	10.650850093625877
1627	10.650706913018281
1628	10.649662031772996
1629	10.649634365272487
1630	10.649091050602589
1631	10.649325898090217
1632	10.649185137076687
1633	10.648817538608103
1634	10.648652920659707
1635	10.648805771912798
1636	10.648444641010126
1637	10.64830381877824
1638	10.647717320125874
1639	10.64737346515011
1640	10.646873348399502
1641	10.64634563614757
1642	10.645714619478042
1643	10.64518445077779
1644	10.64530709870449
1645	10.645169910885391
1646	10.644925873790552
1647	10.645094403459838
1648	10.645780624878853
1649	10.645979279557565
1650	10.645758521427233
1651	10.6444799449563
1652	10.644462684895387
1653	10.64442740401958
1654	10.64425924290908
1655	10.643924092012053
1656	10.644038762634857
1657	10.643277728734125
1658	10.643817805036713
1659	10.642920706539542
1660	10.643422692352612
1661	10.642944493139492
1662	10.643086095201326
1663	10.643943010359756
1664	10.643171854026798
1665	10.643816579529988
1666	10.64459825028156
1667	10.64509277166434
1668	10.64563961624378
1669	10.646350033752046
1670	10.646381193940373
1671	10.645611795291735
1672	10.645337878698166
1673	10.64494595493085
1674	10.644997475858904
1675	10.645372915570082
1676	10.645523926419061
1677	10.645063134242164
1678	10.645436864506904
1679	10.645433597631628
1680	10.646358641918365
1681	10.647329097972628
1682	10.646956819764942
1683	10.647091756430273
1684	10.648233530980177
1685	10.648782996786002
1686	10.648644532331044
1687	10.648789435479644
1688	10.648706055854856
1689	10.649076386939946
1690	10.648853858566266
1691	10.64899155363164
1692	10.648377781204092
1693	10.648601223911427
1694	10.648639346341394
1695	10.648579296209466
1696	10.648082672159804
1697	10.648036473980062
1698	10.648677881184296
1699	10.647543993498722
1700	10.647921285442855
1701	10.647658601866494
1702	10.646426385885713
1703	10.646692853513612
1704	10.646469366805224
1705	10.647562880887573
1706	10.647458108610197
1707	10.647759803006183
1708	10.647777637810062
1709	10.647548733498638
1710	10.647816639959924
1711	10.648348136372213
1712	10.648006572461739
1713	10.648596873049245
1714	10.649068754131372
1715	10.648967137212253
1716	10.648331866618047
1717	10.64839116905138
1718	10.648029793041003
1719	10.648432731035163
1720	10.647989414231242
1721	10.648656469839624
1722	10.648323103064762
1723	10.648210667548108
1724	10.647856701659729
1725	10.646748935280844
1726	10.645777652119381
1727	10.645052848013885
1728	10.644533482741485
1729	10.64458503663494
1730	10.644331876556896
1731	10.644708418135844
1732	10.644949076153333
1733	10.644737607024519
1734	10.643461209817799
1735	10.6443999064491
1736	10.644289584377152
1737	10.644418736480965
1738	10.643691851157191
1739	10.644162230585632
1740	10.643110432583182
1741	10.642654461031206
1742	10.642643271581647
1743	10.642177477090364
1744	10.642552484444368
1745	10.642350319177828
1746	10.643062239344095
1747	10.643228351793123
1748	10.642947817541689
1749	10.64252670636965
1750	10.642745266583457
1751	10.642667274911144
1752	10.642698092578863
1753	10.64269297968468
1754	10.64306788170099
1755	10.642950880681267
1756	10.642418049813227
1757	10.64258070221282
1758	10.643194613772888
1759	10.643313490816638
1760	10.642562890175515
1761	10.642767245315817
1762	10.642022902157349
1763	10.642129505600776
1764	10.641663466385971
1765	10.641311030872641
1766	10.641935456913775
1767	10.642179155731915
1768	10.641054821870807
1769	10.641418858303574
1770	10.640925398094552
1771	10.640902089138935
1772	10.641015420296428
1773	10.641083185221836
1774	10.640952085054277
1775	10.640736550597717
1776	10.640520963053955
1777	10.639902257539843
1778	10.639789798528431
1779	10.640399119881712
1780	10.640653241824596
1781	10.640916217550455
1782	10.641352759841483
1783	10.640826263196399
1784	10.640252876790733
1785	10.639744787144624
1786	10.639403903586809
1787	10.639323031843372
1788	10.639806360070553
1789	10.639255830758641
1790	10.639111624238538
1791	10.63849641782999
1792	10.638554484109022
1793	10.638251224276503
1794	10.637660964826335
1795	10.637904210171442
1796	10.637642716727909
1797	10.637666163430817
1798	10.638217181984391
1799	10.638453639141192
1800	10.638791618825085
1801	10.638357372846176
1802	10.637171514514097
1803	10.637640758859604
1804	10.637084900543138
1805	10.63635865928794
1806	10.634469904654472
1807	10.634241382869552
1808	10.634516260173076
1809	10.634026309194233
1810	10.633958698800196
1811	10.633837134398123
1812	10.634317905337408
1813	10.633259759462549
1814	10.633468637599712
1815	10.633610431016518
1816	10.633746885946199
1817	10.632936730468295
1818	10.632498747635324
1819	10.632648892201797
1820	10.633214795888785
1821	10.633493218998264
1822	10.633370815750949
1823	10.63325776940206
1824	10.633573848164707
1825	10.632453923094038
1826	10.632929868740884
1827	10.632014278018449
1828	10.63215382863018
1829	10.63187905599529
1830	10.631867383919307
1831	10.632001808180284
1832	10.631864028009218
1833	10.63187346998816
1834	10.631802801933986
1835	10.63067121725192
1836	10.63085180736464
1837	10.630813705330603
1838	10.63046949215568
1839	10.630608128431039
1840	10.630237405767948
1841	10.62919622465199
1842	10.629676612133133
1843	10.628980606671101
1844	10.628230772890586
1845	10.62897120312246
1846	10.62820532674314
1847	10.627957031348616
1848	10.627625838005343
1849	10.628505922860935
1850	10.628782442373904
1851	10.628594282672147
1852	10.62840039376421
1853	10.628755824288652
1854	10.628232654152177
1855	10.628121292962465
1856	10.627675082814935
1857	10.628346826456049
1858	10.629036423713604
1859	10.628710160046177
1860	10.628163004205295
1861	10.627852022383086
1862	10.628446051478257
1863	10.629156367637759
1864	10.628955395568026
1865	10.62897397966249
1866	10.628973140363092
1867	10.629231179332029
1868	10.629230199342544
1869	10.628555941666349
1870	10.627665788631921
1871	10.62750952032933
1872	10.62795786237631
1873	10.62741214758932
1874	10.62753416174622
1875	10.627349089189622
1876	10.627501934305187
1877	10.627408858712656
1878	10.628410146771355
1879	10.627848449745674
1880	10.628202157693583
1881	10.628372915019487
1882	10.628836750799
1883	10.628829829260305
1884	10.628854131195922
1885	10.628485626325489
1886	10.628280634917637
1887	10.627943601191296
1888	10.627973177281312
1889	10.628560499970584
1890	10.628429692180386
1891	10.629084099293035
1892	10.628330125178191
1893	10.628545332433891
1894	10.62902434995723
1895	10.629690755186687
1896	10.629148966908389
1897	10.62917470640588
1898	10.629163636683582
1899	10.629722379500265
1900	10.629603440228403
1901	10.630172828856862
1902	10.630221045674988
1903	10.630462961091915
1904	10.630602644969148
1905	10.630431332374204
1906	10.629920684255948
1907	10.629531773392646
1908	10.629358536058623
1909	10.629393688034211
1910	10.62862642150466
1911	10.628017426261588
1912	10.628368702365455
1913	10.62925891626132
1914	10.627901578755981
1915	10.628036046460148
1916	10.628037486517416
1917	10.62728347644315
1918	10.627878487161517
1919	10.627709797662332
1920	10.627853646735469
1921	10.627862645178519
1922	10.627692068450166
1923	10.62748095005039
1924	10.626764398688506
1925	10.626785296061046
1926	10.62703740225736
1927	10.627241708796047
1928	10.62674990555688
1929	10.627411477235421
1930	10.627124234382917
1931	10.62699213995421
1932	10.62711721124775
1933	10.626386782863495
1934	10.626519858751992
1935	10.626971943282747
1936	10.626783480868907
1937	10.627690932199146
1938	10.627278993431068
1939	10.62706981521553
1940	10.626759058858598
1941	10.626122279124424
1942	10.62665512960169
1943	10.626596775892441
1944	10.626918365343348
1945	10.62737617383916
1946	10.626431986401288
1947	10.625883179475798
1948	10.625444947666347
1949	10.625587833569272
1950	10.625728425213673
1951	10.624863771332821
1952	10.624878046324424
1953	10.624570101313406
1954	10.625358437312865
1955	10.624955156553268
1956	10.624753733051017
1957	10.624654694946116
1958	10.624996845761652
1959	10.625405104744496
1960	10.62563978105465
1961	10.62588535428502
1962	10.625825827447771
1963	10.625844233775034
1964	10.62598111814331
1965	10.626415402949995
1966	10.625583130204548
1967	10.625356472176753
1968	10.624853432834943
1969	10.624194334687548
1970	10.62440881538801
1971	10.624515240045033
1972	10.624322084118905
1973	10.623997984095341
1974	10.623579739611127
1975	10.62335121837038
1976	10.62315435675869
1977	10.623322272038616
1978	10.622942148384544
1979	10.623478462626219
1980	10.623622643122898
1981	10.6235096957392
1982	10.622558095197196
1983	10.621722640286883
1984	10.621736094717194
1985	10.621036071176006
1986	10.620383757561283
1987	10.620698954011441
1988	10.620808845610702
1989	10.620198933763774
1990	10.620013461992523
1991	10.619478556327465
1992	10.619385565297174
1993	10.619229803963162
1994	10.619533526977103
1995	10.619164775304071
1996	10.619197183583058
1997	10.619022951402627
1998	10.618632417309405
1999	10.617483462335121
2000	10.616748506910547
2001	10.617222197263755
2002	10.616927850572848
2003	10.616619042874385
2004	10.616952238510992
2005	10.616646741920233
2006	10.616776073859507
2007	10.617080745039988
2008	10.6170206302064
2009	10.617453670174381
2010	10.617993619449138
2011	10.617926114672157
2012	10.618095490916026
2013	10.617488817756861
2014	10.617522609843435
2015	10.6179611156129
2016	10.618707682039368
2017	10.618818405326461
2018	10.619341004880217
2019	10.619858454095214
2020	10.619312797371474
2021	10.619565755788003
2022	10.619369041414648
2023	10.619863980410939
2024	10.620215178747221
2025	10.620091083137815
2026	10.619479871773926
2027	10.619523950112992
2028	10.618931013663506
2029	10.618859029853402
2030	10.618357219359615
2031	10.617771871465987
2032	10.617043381442805
2033	10.61675973669507
2034	10.616798844408786
2035	10.61711085458115
2036	10.617362317217637
2037	10.615710946553879
2038	10.61574141667515
2039	10.615433396897908
2040	10.615568056715132
2041	10.61539060896271
2042	10.61563591779886
2043	10.615215569238142
2044	10.615310492709286
2045	10.61636928882255
2046	10.617073959465905
2047	10.61648694490005
2048	10.616303283011883
2049	10.61725653297406
2050	10.617596005245032
2051	10.617806058615367
2052	10.617712647712418
2053	10.617698703820146
2054	10.618047296753426
2055	10.617956355081681
2056	10.617254660036693
2057	10.617596900083292
2058	10.617070087930992
2059	10.617508353470669
2060	10.61802985509809
2061	10.61744117358104
2062	10.617559258747265
2063	10.618307028657723
2064	10.618450633244292
2065	10.618144351021233
2066	10.61762825639305
2067	10.617570898020352
2068	10.617414013151642
2069	10.61804045377592
2070	10.617726200278506
2071	10.61837885206782
2072	10.618105944185745
2073	10.61789225556385
2074	10.617412164853956
2075	10.616812725190174
2076	10.616908619468127
2077	10.61695072827096
2078	10.616785192448456
2079	10.617118038059017
2080	10.616751964297693
2081	10.617684280280068
2082	10.61732345719634
2083	10.617837662158406
2084	10.617130650040762
2085	10.61673580532394
2086	10.617140496276841
2087	10.618278695230535
2088	10.618307216468695
2089	10.617834744282218
2090	10.618185280371517
2091	10.618135878532495
2092	10.618278437768375
2093	10.617581475673125
2094	10.61746518848603
2095	10.617695255769545
2096	10.618120324159957
2097	10.618455603073459
2098	10.618278259465
2099	10.618667684158806
2100	10.618599071857865
2101	10.618319450375271
2102	10.618740142879041
2103	10.618838994509055
2104	10.619328159374012
2105	10.618966190161187
2106	10.619303967477242
2107	10.619718073074186
2108	10.620054486623738
2109	10.619587718924318
2110	10.618889050164926
2111	10.619220939845384
2112	10.619832927838894
2113	10.619852881348928
2114	10.619717424569401
2115	10.619532162790485
2116	10.619553818885253
2117	10.619834563717346
2118	10.61957055290456
2119	10.61939319563859
2120	10.619158057647123
2121	10.618946669429729
2122	10.618633039923049
2123	10.618237311757053
2124	10.618568913320477
2125	10.61789850491853
2126	10.617520591951033
2127	10.617048264778907
2128	10.616819649221432
2129	10.617343442873983
2130	10.617468507476582
2131	10.617004980208732
2132	10.61694336831902
2133	10.616396257463542
2134	10.615527723605528
2135	10.615229299013034
2136	10.615950908842677
2137	10.616043687666204
2138	10.615683854457902
2139	10.61576724941868
2140	10.615566439269942
2141	10.616117513293577
2142	10.615564945052094
2143	10.615576738993733
2144	10.6157995700491
2145	10.615315258239155
2146	10.615448951963039
2147	10.614714719524029
2148	10.614031114213844
2149	10.613444017286128
2150	10.613703901348329
2151	10.61393252367934
2152	10.613819564311848
2153	10.614134511987897
2154	10.614733294803154
2155	10.614568962896799
2156	10.614401959249115
2157	10.614421996477162
2158	10.614508857688572
2159	10.614521825433872
2160	10.613882859229054
2161	10.613413149854857
2162	10.613637912992
2163	10.613550800327895
2164	10.612806634792367
2165	10.612739156349571
2166	10.613120682284082
2167	10.613732120023702
2168	10.614133539926073
2169	10.613590317792681
2170	10.613118257906399
2171	10.613058785856643
2172	10.613191424750514
2173	10.613955938364496
2174	10.614547165756019
2175	10.61398596643996
2176	10.61469636463549
2177	10.614575858204972
2178	10.614622613361083
2179	10.61449569762558
2180	10.614910739747831
2181	10.614777359848548
2182	10.614956053165216
2183	10.615113917890717
2184	10.614352458057077
2185	10.615443603765616
2186	10.61498975798191
2187	10.614791611498411
2188	10.613709494932634
2189	10.613825185050523
2190	10.613541396646331
2191	10.6134426235305
2192	10.613761113991423
2193	10.613681265675602
2194	10.612751752063398
2195	10.613426141454209
2196	10.613866995744528
2197	10.613680976155221
2198	10.613760288637964
2199	10.614048810599273
2200	10.614370181112477
2201	10.613698860022792
2202	10.612757200202124
2203	10.611906379877622
2204	10.611749811762454
2205	10.612110817963591
2206	10.611947947679237
2207	10.61206630051786
2208	10.612487797704434
2209	10.612892680963844
2210	10.612359370938819
2211	10.612459327588635
2212	10.61152807101327
2213	10.610599180929894
2214	10.60984764936707
2215	10.609293200406249
2216	10.609338710918937
2217	10.609441803151075
2218	10.609595491651078
2219	10.609537394815526
2220	10.60898358174411
2221	10.608327212740884
2222	10.608245359131493
2223	10.607686872600315
2224	10.607705288461368
2225	10.607307474508431
2226	10.606577823531023
2227	10.606055454381847
2228	10.606182369020965
2229	10.60630841563491
2230	10.606415520000843
2231	10.606348091270219
2232	10.607210000357474
2233	10.606983795974422
2234	10.607745433020177
2235	10.607921094893893
2236	10.60832462241338
2237	10.608837858071743
2238	10.608394121188903
2239	10.608801628286884
2240	10.608621539699602
2241	10.608758781329708
2242	10.608594540378581
2243	10.608890637679211
2244	10.609227127530456
2245	10.60914990289607
2246	10.608597448300426
2247	10.608897281695349
2248	10.608770476214458
2249	10.608605986786086
2250	10.608819350401497
2251	10.608365716244958
2252	10.607819035860272
2253	10.6079994458751
2254	10.607576367527606
2255	10.60748233410587
2256	10.607033272273132
2257	10.606962949355832
2258	10.607233345285668
2259	10.606957802801023
2260	10.607907597855936
2261	10.608110570037557
2262	10.607297672190192
2263	10.607624671534552
2264	10.60696902309891
2265	10.606450603860841
2266	10.606250389038665
2267	10.606456186772897
2268	10.606397576922737
2269	10.606704325528113
2270	10.60753587395915
2271	10.60802325574266
2272	10.6073219079172
2273	10.60690806701053
2274	10.607097974324112
2275	10.607398974583422
2276	10.607371660712163
2277	10.607648144423642
2278	10.607400738453467
2279	10.607344409315266
2280	10.607733022608627
2281	10.607565422422772
2282	10.607391134543866
2283	10.60704928944234
2284	10.607108992547486
2285	10.606460388142146
2286	10.607371166515279
2287	10.607319145932031
2288	10.607719079425024
2289	10.607828877688117
2290	10.608043446983064
2291	10.607793619189657
2292	10.607914016527626
2293	10.608571129599861
2294	10.60908559666524
2295	10.609755771254733
2296	10.610161322637985
2297	10.609351913554693
2298	10.608878198588163
2299	10.608455025720493
2300	10.608292370780553
2301	10.60783436061904
2302	10.60804518523297
2303	10.608525542983243
2304	10.609203976535747
2305	10.608406552148596
2306	10.60796156470529
2307	10.607344238869839
2308	10.607895975660059
2309	10.60809587238981
2310	10.608034183312412
2311	10.607853890247018
2312	10.607436153066404
2313	10.60760331820846
2314	10.60784179540795
2315	10.607404584884726
2316	10.607029700926683
2317	10.607320384106345
2318	10.607640734475504
2319	10.60724471276442
2320	10.60700704275097
2321	10.607575071514617
2322	10.60758862876768
2323	10.607965077777576
2324	10.608203620760797
2325	10.607243008149897
2326	10.607561157902374
2327	10.607472725032489
2328	10.607852241035904
2329	10.608402625550335
2330	10.60814549936182
2331	10.608078364516118
2332	10.60774412105704
2333	10.60785666732083
2334	10.607347461856557
2335	10.607317985865464
2336	10.607614809087048
2337	10.607451284460392
2338	10.607100229953273
2339	10.60722445318482
2340	10.607236924369127
2341	10.60735760314684
2342	10.606643860041839
2343	10.60619031134104
2344	10.605308443515911
2345	10.60550451730226
2346	10.60559143394059
2347	10.60533628690054
2348	10.604993587071132
2349	10.604363634456732
2350	10.604272982594766
2351	10.604199551025141
2352	10.604474033137116
2353	10.604943806052892
2354	10.605383029641594
2355	10.604710706508573
2356	10.603516568202267
2357	10.604089582433128
2358	10.603841459796968
2359	10.604337700960278
2360	10.604903261043896
2361	10.604676799913184
2362	10.604316516694766
2363	10.604056556521131
2364	10.603897680752707
2365	10.603565174464702
2366	10.603726328603546
2367	10.603588001565893
2368	10.603707730972985
2369	10.60299135168611
2370	10.602563409001077
2371	10.602262213355104
2372	10.602695184272354
2373	10.602984148260084
2374	10.604187205459771
2375	10.604332836192645
2376	10.603815116827006
2377	10.603624015794912
2378	10.603722211118098
2379	10.603571007202085
2380	10.603163837965694
2381	10.602658286388706
2382	10.60278984719052
2383	10.602637178048969
2384	10.602490434628955
2385	10.602134014664871
2386	10.601966331536183
2387	10.602231396223887
2388	10.602453669106715
2389	10.60248777672236
2390	10.602519206970983
2391	10.602544128832019
2392	10.602242393501365
2393	10.601295428856917
2394	10.601056562980506
2395	10.601166890905558
2396	10.600829169113691
2397	10.600792541314073
2398	10.600258922092115
2399	10.600697649290664
2400	10.600637744826832
2401	10.601175941449487
2402	10.600498805124797
2403	10.600240069908729
2404	10.599994682411058
2405	10.599897228853582
2406	10.599358851960966
2407	10.599026409127873
2408	10.59929760296275
2409	10.599057453761455
2410	10.598817505318555
2411	10.598612830421503
2412	10.598046109199181
2413	10.598401648661644
2414	10.597788654397496
2415	10.59857444157272
2416	10.598075405456825
2417	10.598228574528479
2418	10.598208978325188
2419	10.598115208530869
2420	10.597994827812311
2421	10.59863947662498
2422	10.598461003274927
2423	10.597699399514228
2424	10.597278525182501
2425	10.596986202821332
2426	10.596748213537282
2427	10.596892302448818
2428	10.59737467034958
2429	10.596702378805384
2430	10.596206049039893
2431	10.596671739104853
2432	10.596412741489077
2433	10.596427229412832
2434	10.595835977619224
2435	10.595806466637057
2436	10.595744106108324
2437	10.596392273588519
2438	10.595819342667738
2439	10.595790093946952
2440	10.595975543154331
2441	10.595833356337272
2442	10.595870136704248
2443	10.596436247005315
2444	10.596094938775046
2445	10.596204350754393
2446	10.596543386794195
2447	10.596759549010871
2448	10.5970262816986
2449	10.596439234359206
2450	10.596120016807914
2451	10.596244899677078
2452	10.596601092626178
2453	10.597024061750211
2454	10.596184428770782
2455	10.596302240849015
2456	10.595803895910784
2457	10.594956356467963
2458	10.594404046395606
2459	10.593722287998007
2460	10.593862962821962
2461	10.594515057612167
2462	10.595234049864722
2463	10.595429673172264
2464	10.596068896040435
2465	10.59636210550366
2466	10.596635228510088
2467	10.596696705758754
2468	10.596821859147122
2469	10.59662585499519
2470	10.59731926902006
2471	10.597459642342882
2472	10.59757488943983
2473	10.597858405336972
2474	10.598286672841153
2475	10.596946336555982
2476	10.597554310453068
2477	10.59757846471354
2478	10.597597063469188
2479	10.597453116014336
2480	10.597224103819743
2481	10.596965844620703
2482	10.597669956319391
2483	10.598139569778946
2484	10.598251284486079
2485	10.598366841901806
2486	10.59831439707706
2487	10.59884296276915
2488	10.598942622295635
2489	10.599406689145644
2490	10.5990409467123
2491	10.598614466363106
2492	10.598913845853444
2493	10.598587548844698
2494	10.598954565207624
2495	10.598556513749546
2496	10.59890067533487
2497	10.59900222184436
2498	10.59922520936083
2499	10.599505796506456
2500	10.598934511118845
2501	10.599116728125923
2502	10.598707774727625
2503	10.598319151562634
2504	10.598707597164323
2505	10.59835413316179
2506	10.598963207382505
2507	10.59887242587148
2508	10.598318751242942
2509	10.598162183329563
2510	10.598183535689863
2511	10.598294699613444
2512	10.59825151385201
2513	10.597713876427497
2514	10.597652687590168
2515	10.597597555505006
2516	10.597469849342433
2517	10.596859783687721
2518	10.596386893568672
2519	10.596742225105153
2520	10.595862261694673
2521	10.596452698349928
2522	10.59635871687925
2523	10.595679847010224
2524	10.596294238299956
2525	10.596675451010269
2526	10.596541865190217
2527	10.596577999705659
2528	10.597011671979839
2529	10.596110088192294
2530	10.59653951488622
2531	10.59705636228032
2532	10.597050684723055
2533	10.59722880853123
2534	10.597076106696177
2535	10.597033118352872
2536	10.596728474172098
2537	10.596909860539736
2538	10.596257488106307
2539	10.596263498492755
2540	10.596467423221007
2541	10.596625502334946
2542	10.596708727664387
2543	10.596389105106203
2544	10.59691380526008
2545	10.59775151471037
2546	10.597949004766933
2547	10.597739134665678
2548	10.598465830413048
2549	10.599242482249615
2550	10.598931931583707
2551	10.598437496722582
2552	10.598397449066274
2553	10.59900601927659
2554	10.597949248260468
2555	10.596985433763985
2556	10.597758658575934
2557	10.597922899722057
2558	10.598022040126379
2559	10.597972422468242
2560	10.597255075826984
2561	10.59743991082818
2562	10.597642840655693
2563	10.597990904767261
2564	10.598145436357221
2565	10.598603869813934
2566	10.598242990731608
2567	10.598005520218633
2568	10.598231948166308
2569	10.598721426595032
2570	10.598358865949496
2571	10.59791169976394
2572	10.59763403916547
2573	10.597490009672116
2574	10.597285659891666
2575	10.59810567817247
2576	10.598405781718538
2577	10.598366784311736
2578	10.598847886187086
2579	10.598773477748304
2580	10.598788392361445
2581	10.598805776725932
2582	10.598524831637677
2583	10.598947864639516
2584	10.598651490113381
2585	10.598917633636708
2586	10.598669180217664
2587	10.597871416511055
2588	10.597579699267095
2589	10.598048142529038
2590	10.596989709454903
2591	10.597178122136466
2592	10.596717342812159
2593	10.597442400066328
2594	10.597615531694114
2595	10.598179133852671
2596	10.598034994710227
2597	10.598386094795092
2598	10.59842237461827
2599	10.597643513941573
2600	10.59742232666706
2601	10.597351578346583
2602	10.597995575729385
2603	10.59803322260932
2604	10.597968117627925
2605	10.597818651182749
2606	10.597522773072457
2607	10.597952782737938
2608	10.598420742768436
2609	10.598773406688606
2610	10.598267376902207
2611	10.597965133328563
2612	10.598075165565657
2613	10.59825297572393
2614	10.59795441748717
2615	10.598071385391489
2616	10.598416158984023
2617	10.59836172456578
2618	10.597753374245688
2619	10.597778592338226
2620	10.59763198397972
2621	10.597754041853452
2622	10.59780377936972
2623	10.598071587486594
2624	10.598097275633808
2625	10.597777421104379
2626	10.5985198521429
2627	10.598294870018844
2628	10.598465419121146
2629	10.598084845187588
2630	10.598339589273243
2631	10.598257288026232
2632	10.598265083986124
2633	10.598622221462291
2634	10.598254531192797
2635	10.598044347121174
2636	10.597922309189666
2637	10.597967134787764
2638	10.59743469760706
2639	10.597377159868508
2640	10.59733821159953
2641	10.597362743033095
2642	10.597457141450736
2643	10.596773488305573
2644	10.596958186845734
2645	10.596619400909168
2646	10.596785521341197
2647	10.596796256218745
2648	10.59739290435339
2649	10.597331270465842
2650	10.597145003553363
2651	10.597732635306976
2652	10.597836557732416
2653	10.59799607740105
2654	10.597318731297518
2655	10.597028824040999
2656	10.596545026349059
2657	10.596572437340743
2658	10.596553728717065
2659	10.597128118425767
2660	10.597384876029952
2661	10.59716614201959
2662	10.59764968516812
2663	10.597837254023842
2664	10.597725918497419
2665	10.598286700585687
2666	10.598561452027687
2667	10.598684954167515
2668	10.599116411144019
2669	10.599581380919528
2670	10.599428024272424
2671	10.599608090383644
2672	10.599176793115129
2673	10.59886249782951
2674	10.59809323269927
2675	10.597945865853797
2676	10.597736296422864
2677	10.5977723687097
2678	10.59780579802236
2679	10.597181869598726
2680	10.597154953188824
2681	10.596867305447134
2682	10.5966570534252
2683	10.596694067000856
2684	10.59647955731011
2685	10.596155089720796
2686	10.596041646858023
2687	10.595988065531783
2688	10.596639690117904
2689	10.597049896890566
2690	10.596842597509278
2691	10.59702975292919
2692	10.596735647391007
2693	10.596217601638152
2694	10.595793495662482
2695	10.595583412947963
2696	10.595531614095208
2697	10.596087966829606
2698	10.59665678598886
2699	10.5965995771494
2700	10.596949065745276
2701	10.596906704528335
2702	10.596541458694956
2703	10.596110037260166
2704	10.596009254618954
2705	10.596358940932229
2706	10.595922998621482
2707	10.59563495239354
2708	10.595812697239882
2709	10.596225235278625
2710	10.595769449573416
2711	10.596182938038135
2712	10.59612174969944
2713	10.595657940768307
2714	10.595911880454096
2715	10.59599481411132
2716	10.595953658277631
2717	10.59605594649036
2718	10.596317388220116
2719	10.596547869059894
2720	10.59615853643765
2721	10.596043561592465
2722	10.595594885071536
2723	10.595542977692721
2724	10.59541276279714
2725	10.596721804730867
2726	10.597115856680233
2727	10.598004704493386
2728	10.597941450565461
2729	10.59781735187304
2730	10.598225179686722
2731	10.598624716913772
2732	10.59839645071992
2733	10.59849826436869
2734	10.598541514046925
2735	10.598115525313126
2736	10.597986774307957
2737	10.597880409623357
2738	10.597430709665327
2739	10.597371088397983
2740	10.597187152387843
2741	10.59705336238636
2742	10.597544878056588
2743	10.597636344396381
2744	10.598014524033001
2745	10.598191967931262
2746	10.597027189725285
2747	10.59704854304366
2748	10.59721942315466
2749	10.597548418093606
2750	10.596711215357121
2751	10.59690165464729
2752	10.597201536388482
2753	10.596765426788235
2754	10.596855588520603
2755	10.596756412266485
2756	10.596950243966841
2757	10.597138766555895
2758	10.59703290298738
2759	10.597107396092689
2760	10.597456402533373
2761	10.597180832879488
2762	10.59644776939526
2763	10.596484393242028
2764	10.597048190347024
2765	10.597678368330357
2766	10.597105153775775
2767	10.596666319940192
2768	10.596599521454317
2769	10.597222574701679
2770	10.597180057685625
2771	10.596520245365499
2772	10.596528266189905
2773	10.596575336041937
2774	10.59699184394431
2775	10.596399585496258
2776	10.59604225786411
2777	10.595704804533659
2778	10.595868284470704
2779	10.596495684910801
2780	10.596300222643203
2781	10.596083590175434
2782	10.595877646474689
2783	10.595661325196508
2784	10.596280441997878
2785	10.596211273321149
2786	10.596138447589047
2787	10.595983771020446
2788	10.596109052991876
2789	10.595902838995363
2790	10.596320702137326
2791	10.596273506093416
2792	10.595918875557281
2793	10.595724531890914
2794	10.594690865310726
2795	10.594245250708722
2796	10.593600230279973
2797	10.593553329551717
2798	10.593079446926806
2799	10.593316319294578
2800	10.59419378099422
2801	10.594381097222346
2802	10.594047090244059
2803	10.593939132676725
2804	10.59411137521743
2805	10.594125378591071
2806	10.59436980512509
2807	10.594650695648818
2808	10.594221145483226
2809	10.594388724573456
2810	10.594151898517392
2811	10.594673965431143
2812	10.594536724283605
2813	10.594343060744537
2814	10.593688414644928
2815	10.593940563409467
2816	10.593809074510823
2817	10.594048410557974
2818	10.594077414659312
2819	10.593937833218725
2820	10.593693157419938
2821	10.593797145069717
2822	10.593384898756973
2823	10.593825945808737
2824	10.594001092385565
2825	10.593734697044995
2826	10.59392051648114
2827	10.594337822278149
2828	10.59398782981344
2829	10.593794711477148
2830	10.593795658656095
2831	10.59357777877952
2832	10.59291442075938
2833	10.592606918798664
2834	10.592764761533228
2835	10.593002933268775
2836	10.592957485428467
2837	10.59259782776678
2838	10.59239355369136
2839	10.592119077751525
2840	10.592279646492393
2841	10.59291877754424
2842	10.593156309507126
2843	10.593259084230697
2844	10.593202391836481
2845	10.5928072863462
2846	10.593423163475816
2847	10.593147190459163
2848	10.593082958446452
2849	10.593107198056417
2850	10.592928996067252
2851	10.592600679165177
2852	10.592855794599528
2853	10.593074714303597
2854	10.593103549575673
2855	10.59330766840244
2856	10.593018510301112
2857	10.593262974550136
2858	10.59373934973746
2859	10.592955584894483
2860	10.592747999129545
2861	10.592700759230807
2862	10.593155416361068
2863	10.592608069822127
2864	10.592335917023336
2865	10.593141683714947
2866	10.592945523643548
2867	10.5929402566666
2868	10.593471247915316
2869	10.593569611584288
2870	10.594029129574903
2871	10.594678881312772
2872	10.59358448360882
2873	10.593175515244427
2874	10.593434897746452
2875	10.593554594000317
2876	10.593814982262463
2877	10.593204594257907
2878	10.592573131940528
2879	10.591999175016342
2880	10.592052788742471
2881	10.592165720654453
2882	10.592021013680295
2883	10.59201169756079
2884	10.592468947677022
2885	10.59243441117008
2886	10.592174920344537
2887	10.59236231382404
2888	10.591962986275458
2889	10.592270236020406
2890	10.592804974988962
2891	10.592635202669253
2892	10.59296054996686
2893	10.592547061529617
2894	10.59272253260815
2895	10.592290798831332
2896	10.592529401500633
2897	10.592482820942895
2898	10.59302935213269
2899	10.593126784056947
2900	10.59340232667494
2901	10.593564866819683
2902	10.593133871579004
2903	10.59337045855519
2904	10.593312076055483
2905	10.593353748357897
2906	10.593520137669433
2907	10.593413845105175
2908	10.593399458823221
2909	10.59335630505093
2910	10.593076444421792
2911	10.593314640334443
2912	10.593473784385614
2913	10.593406764593494
2914	10.592907919426153
2915	10.592858488071212
2916	10.592461541553977
2917	10.592265657117556
2918	10.59237484899892
2919	10.592194197688505
2920	10.591936530300757
2921	10.591610669422343
2922	10.59165324755038
2923	10.59126523300643
2924	10.591356686870267
2925	10.5910986499501
2926	10.590910242783513
2927	10.591003392141095
2928	10.590954846476377
2929	10.591180795188395
2930	10.590446500170557
2931	10.590113151360054
2932	10.589971114511764
2933	10.589717733344177
2934	10.589827742966158
2935	10.589724964011648
2936	10.590019969257892
2937	10.590325005617492
2938	10.590844234549314
2939	10.590432754565116
2940	10.590307594359835
2941	10.589751119382994
2942	10.589658923147901
2943	10.589595171229131
2944	10.58905778050796
2945	10.58931230575735
2946	10.588592393485172
2947	10.58841694060551
2948	10.589008400982946
2949	10.588619480183075
2950	10.588495931480702
2951	10.588032918807711
2952	10.588348576255193
2953	10.58850709597866
2954	10.58790710348938
2955	10.586974098532352
2956	10.586925737290217
2957	10.587288841620206
2958	10.587121291991156
2959	10.587158594839323
2960	10.58630171776298
2961	10.586458266003548
2962	10.585873112732084
2963	10.585368712708554
2964	10.585827207521572
2965	10.585898224028675
2966	10.585847014971637
2967	10.585883508986967
2968	10.585981044123638
2969	10.58629954038881
2970	10.585990603441529
2971	10.586259198801123
2972	10.58608375938347
2973	10.586039944663575
2974	10.585684628051531
2975	10.585660155157578
2976	10.585737173138204
2977	10.585407141961767
2978	10.585352904551128
2979	10.585171938229395
2980	10.585419682436527
2981	10.585991480490508
2982	10.586305191723035
2983	10.586199004689147
2984	10.586641229700083
2985	10.586703575479287
2986	10.586361839804747
2987	10.586464797193647
2988	10.586539562560802
2989	10.586351520356933
2990	10.586604819640437
2991	10.586396118442686
2992	10.585918890753751
2993	10.586082849041588
2994	10.586381257316024
2995	10.586533761885823
2996	10.586196043515514
2997	10.586593249487194
2998	10.586897764401188
2999	10.586782973515891
3000	10.587005546608593
3001	10.58667883894488
3002	10.586347303441936
3003	10.58575004095805
3004	10.585326325650634
3005	10.585477565104908
3006	10.58543943001572
3007	10.58540190686798
3008	10.585614849121194
3009	10.586028962671055
3010	10.585502925032692
3011	10.585545684167688
3012	10.585382306793191
3013	10.585462379004307
3014	10.585280164628253
3015	10.585588442206316
3016	10.585132571140276
3017	10.585712099954053
3018	10.584914509951053
3019	10.584596591305093
3020	10.584562275475275
3021	10.58435189410105
3022	10.584609782508386
3023	10.584396739899368
3024	10.584370873818107
3025	10.584302838141875
3026	10.584263143303033
3027	10.584071581885082
3028	10.584027552088441
3029	10.58385171214112
3030	10.58379782097901
3031	10.584022426128156
3032	10.584325461968755
3033	10.584016985054603
3034	10.584241851748716
3035	10.584095029110284
3036	10.58390410894025
3037	10.584066361538826
3038	10.583805417614418
3039	10.58358330260203
3040	10.583748256263139
3041	10.584053261372807
3042	10.583658075782413
3043	10.582965392242524
3044	10.58303386787726
3045	10.582568342424153
3046	10.582324566530968
3047	10.581996156932847
3048	10.581771449110477
3049	10.581161690070667
3050	10.58102162210651
3051	10.580702859300875
3052	10.580452491191714
3053	10.58027647979868
3054	10.579675931748527
3055	10.579349838009858
3056	10.579091985507551
3057	10.578899670458716
3058	10.579543033721288
3059	10.57977736172784
3060	10.579455580983943
3061	10.579195976803051
