step	num_collected
0	2.558139534883721
1	2.258426966292135
2	2.287878787878788
3	2.2247191011235956
4	2.290909090909091
5	2.311787072243346
6	2.3947368421052633
7	2.4412607449856734
8	2.4227848101265823
9	2.415909090909091
10	2.415289256198347
11	2.4234404536862004
12	2.4243478260869566
13	2.4168012924071083
14	2.418045112781955
15	2.4422535211267604
16	2.447543160690571
17	2.438047559449312
18	2.4306049822064058
19	2.4074074074074074
20	2.408315565031983
21	2.419387755102041
22	2.420743639921722
23	2.427767354596623
24	2.4356435643564356
25	2.4487847222222223
26	2.4565217391304346
27	2.4508856682769724
28	2.4607614607614607
29	2.4698795180722892
30	2.4661325564457393
31	2.4685956245589273
32	2.4746922024623803
33	2.4830564784053157
34	2.485769728331177
35	2.4780150753768844
36	2.4685784014643075
37	2.4759358288770055
38	2.467246376811594
39	2.468361581920904
40	2.471625344352617
41	2.4768817204301077
42	2.4794952681388014
43	2.4817480719794345
44	2.48868778280543
45	2.4815905743740796
46	2.487487969201155
47	2.4851625058878946
48	2.4808491001384403
49	2.468383017163505
50	2.4694419840566875
51	2.4676508901432914
52	2.4669791222837665
53	2.4705144291091594
54	2.4722792607802875
55	2.473790322580645
56	2.473454833597464
57	2.47100038925652
58	2.4688336520076484
59	2.469326307866014
60	2.4690855238800444
61	2.4637786676374227
62	2.4595272206303727
63	2.456146530468475
64	2.451993067590988
65	2.453924914675768
66	2.449630624580255
67	2.4497354497354498
68	2.450603195304858
69	2.4511568123393315
70	2.447751741608613
71	2.4460049937578026
72	2.444923076923077
73	2.4426925409338995
74	2.445109183368232
75	2.4457547169811322
76	2.444282804771603
77	2.4451464675473864
78	2.4464285714285716
79	2.445034965034965
80	2.4406077348066297
81	2.4392905866302863
82	2.4408196279320573
83	2.43740010655301
84	2.437516443041305
85	2.4312808521693947
86	2.431981519507187
87	2.4286076591427848
88	2.424455023803558
89	2.4250681198910082
90	2.4305657604702424
91	2.4314769975786925
92	2.4297342590375868
93	2.42830099384761
94	2.4257309941520466
95	2.421831637372803
96	2.421088746569076
97	2.421493212669683
98	2.417282292366241
99	2.4179401993355483
100	2.4163560622670466
101	2.418185763888889
102	2.4165413533834585
103	2.4182088917251647
104	2.416087597388924
105	2.41534612176814
106	2.413465510119785
107	2.415302782324059
108	2.4168523394774155
109	2.4164493480441323
110	2.4164514206238823
111	2.4169291338582677
112	2.416617905207724
113	2.4166988790104367
114	2.4146715188661174
115	2.4141989369779804
116	2.4143771170493036
117	2.4130921298023127
118	2.4107968201146237
119	2.4115814550119112
120	2.407447774750227
121	2.4078141879726322
122	2.407605784681307
123	2.4057355284121082
124	2.404456922267064
125	2.405325443786982
126	2.4062122519413287
127	2.4055441478439423
128	2.4056347589952476
129	2.40366818105334
130	2.40303738317757
131	2.400198609731877
132	2.3996059760302084
133	2.3980123818833494
134	2.396574014221073
135	2.393779060445727
136	2.3942093541202674
137	2.3931165140511523
138	2.3943904732058914
139	2.393873425594775
140	2.3929618768328447
141	2.3923701547418417
142	2.392150897474901
143	2.3932346723044398
144	2.391995203117973
145	2.3915761273999108
146	2.392107596807567
147	2.3899647887323945
148	2.388727060879697
149	2.387218045112782
150	2.3863049095607236
151	2.3854047890535917
152	2.3849093997734996
153	2.383415319747013
154	2.3837777467541534
155	2.3850742127895685
156	2.3831106212976993
157	2.380900259953482
158	2.3838727223279848
159	2.3842204809510945
160	2.3833870101986045
161	2.383384451260168
162	2.3836777954425012
163	2.3813347373963407
164	2.380198796756474
165	2.379077322936972
166	2.3794706262104586
167	2.379858883899936
168	2.3788883222845487
169	2.3811454637607703
170	2.3808564231738036
171	2.379176573645351
172	2.378264113404626
173	2.379480840543881
174	2.3810986850190488
175	2.3824068417837507
176	2.3821957736215693
177	2.381504285886756
178	2.3811352454098165
179	2.379861608208065
180	2.3783944029408275
181	2.379391652912049
182	2.378457571495546
183	2.377972027972028
184	2.377100475141963
185	2.3768149343166627
186	2.375758964371635
187	2.37601093518624
188	2.3749716874292184
189	2.3749296091902243
190	2.374887992831541
191	2.372981401046887
192	2.373241776497951
193	2.3734302709847985
194	2.373247151621385
195	2.3731880108991827
196	2.3713821138211384
197	2.3720077636402848
198	2.3720905287997427
199	2.3708128867079155
200	2.3696551724137933
201	2.366965699208443
202	2.367034120734908
203	2.3669312721955293
204	2.3673490595448405
205	2.3664840277059858
206	2.3636737632417977
207	2.3646504963668
208	2.3643213522044597
209	2.3648429584599797
210	2.363773813123677
211	2.3640922768304913
212	2.365342383709323
213	2.364792370355653
214	2.3649036085022246
215	2.367903178195415
216	2.367570743170469
217	2.367144109909383
218	2.3676299456943366
219	2.36801467039861
220	2.3682390239216065
221	2.367409390838673
222	2.367694650675804
223	2.368356229275225
224	2.3671506694323967
225	2.3668011635544715
226	2.3663958158214253
227	2.3665271966527195
228	2.366126793151319
229	2.3648424543946933
230	2.3644868384848206
231	2.3634288844257805
232	2.3614392149736507
233	2.3603473227206946
234	2.360738406123368
235	2.3608570916263223
236	2.3603820746295305
237	2.36029150373267
238	2.358874535480446
239	2.358174770965469
240	2.357951056924831
241	2.357086717317265
242	2.3561739130434782
243	2.3550341961734915
244	2.3547664195828304
245	2.352814967387573
246	2.3527903597983078
247	2.353531914893617
248	2.3535892872277313
249	2.35310996708583
250	2.3525802655908556
251	2.352025443588885
252	2.351950650216739
253	2.352399136642869
254	2.35116144498636
255	2.3504857566276964
256	2.3492662130031974
257	2.3495835374816267
258	2.348324658425504
259	2.349129202106116
260	2.3495521665456307
261	2.349782993087928
262	2.3483829650976626
263	2.3472332961250197
264	2.345854510800508
265	2.345594051574118
266	2.3433388481840383
267	2.3437181197520207
268	2.3434959349593494
269	2.3427036287182683
270	2.3416317667132
271	2.340285824642719
272	2.3395660203139426
273	2.3407435799156766
274	2.3407927900404797
275	2.341424440724395
276	2.340762641194754
277	2.340004531379805
278	2.341509292002107
279	2.3409533803028033
280	2.340800477897252
281	2.3404255319148937
282	2.340398725264952
283	2.3402495754264194
284	2.339439417347164
285	2.339784473279085
286	2.338835731502447
287	2.337699192316088
288	2.3360156589821663
289	2.336150845253576
290	2.334964732978264
291	2.335197934595525
292	2.3332380680194342
293	2.3319094404100813
294	2.3318197942532812
295	2.3308355718931146
296	2.331055375510779
297	2.330993330993331
298	2.3312578704351474
299	2.3321944076424237
300	2.3306462821403753
301	2.330701572131034
302	2.3301587301587303
303	2.330651261948972
304	2.3307286311604636
305	2.3294398907103826
306	2.328704649104894
307	2.3279967437758633
308	2.3291190588871613
309	2.3283250235817277
310	2.3282078828980057
311	2.3290054878864943
312	2.327641408751334
313	2.326530612244898
314	2.3259789306300935
315	2.3249686323713927
316	2.3244915421575727
317	2.323930726843348
318	2.323917876291356
319	2.3237306915205633
320	2.32510395010395
321	2.324289322022923
322	2.3236091390215567
323	2.3227404310067548
324	2.3228598909907023
325	2.3229785874081177
326	2.3226936799184505
327	2.322156601257382
328	2.3228236783792338
329	2.324266330072578
330	2.3238754325259516
331	2.3233615553465037
332	2.3227258518286966
333	2.3222388431812515
334	2.322336129232681
335	2.321132168958256
336	2.3199975304068654
337	2.320243737305349
338	2.3195484108479567
339	2.3185515933696252
340	2.31729772574843
341	2.316051783869203
342	2.315196316044595
343	2.3136023194008213
344	2.3137833443728546
345	2.313741970342799
346	2.3135435992578848
347	2.3123321997494184
348	2.3119571683521714
349	2.3112099644128112
350	2.31123595505618
351	2.311556603773585
352	2.3114050558495003
353	2.311507122340114
354	2.3107721082471215
355	2.3100815850815852
356	2.309954093788134
357	2.3106205458021902
358	2.3098388121786355
359	2.309389400921659
360	2.309724854960078
361	2.309353342115814
362	2.30868075385494
363	2.308542141230068
364	2.3077228847245883
365	2.306664401789253
366	2.306645587488002
367	2.3064407161355702
368	2.3060124628080616
369	2.3055866547245856
370	2.304699709756642
371	2.304480935151684
372	2.304352653786365
373	2.3039915850080273
374	2.304218197879859
375	2.3036727052475086
376	2.3027341605358513
377	2.3022886552781427
378	2.3014469014469014
379	2.301426549058042
380	2.3010262257696694
381	2.3012726780395343
382	2.301949981094366
383	2.301799375067342
384	2.3009187127276634
385	2.2998285469352764
386	2.3001122214503287
387	2.300149221914304
388	2.3004145848835975
389	2.299141221374046
390	2.2992280033840946
391	2.2983177767230925
392	2.2983222005995896
393	2.2984996327772533
394	2.2978600952231467
395	2.2981943429704623
396	2.2971059754320216
397	2.2968230897009967
398	2.296231103748188
399	2.2961222698404504
400	2.295947268139451
401	2.2950179763739085
402	2.2947745901639345
403	2.294568494200603
404	2.2940067271430027
405	2.2928019520130136
406	2.291791309638493
407	2.2917973095984627
408	2.2917822731170863
409	2.2906666666666666
410	2.2899081648015254
411	2.289432847774941
412	2.2892739438729652
413	2.2892508467822275
414	2.2888447204968942
415	2.289198433549794
416	2.289210838607595
417	2.2882509618230245
418	2.2883290690808895
419	2.287950920245399
420	2.2874559341950644
421	2.2879890587603184
422	2.287886170938505
423	2.2876792223572298
424	2.2873557645689906
425	2.2883331721002227
426	2.288278724122955
427	2.287123947051745
428	2.2863385354141657
429	2.285351599923357
430	2.2849428967362737
431	2.284917532653256
432	2.283533831011364
433	2.283111954459203
434	2.2829286762269865
435	2.2830295589762963
436	2.282914880587875
437	2.282270569992012
438	2.281910654853982
439	2.281378600823045
440	2.2812354203601752
441	2.28047474982546
442	2.281136806910003
443	2.2805782060785766
444	2.2794212813164463
445	2.2795738597057604
446	2.2791607233239772
447	2.278703576183262
448	2.278327379316662
449	2.27732590020106
450	2.2770381178187122
451	2.2764989536893823
452	2.2756648815467004
453	2.275481095766357
454	2.274608122148439
455	2.274517757346313
456	2.2740354348412626
457	2.2741385498923186
458	2.27429824954112
459	2.2732145249899505
460	2.2724598930481283
461	2.2714419100973724
462	2.2713157661254546
463	2.271689093484419
464	2.2715187916795476
465	2.2714934120653947
466	2.2707527259936686
467	2.2718058968058967
468	2.2714617169373548
469	2.271436683702442
470	2.271007670850767
471	2.2706475883964683
472	2.270430970878
473	2.2702667590507537
474	2.2704606343444818
475	2.269630460092277
476	2.2699969880814077
477	2.270490747499034
478	2.270051413881748
479	2.2705117790414295
480	2.2693144490422763
481	2.269453430955219
482	2.2684563758389262
483	2.267717870464564
484	2.2678171128875353
485	2.267125311273372
486	2.2666891294276206
487	2.26651815736382
488	2.2666526845637582
489	2.265957892093257
490	2.2661125266279605
491	2.2655051683894634
492	2.264110136006322
493	2.2630836273085704
494	2.2626216607993372
495	2.2621616036371153
496	2.2625283563621363
497	2.26285243877341
498	2.2624768946395566
499	2.262881738061078
500	2.262630394763755
501	2.262124428478119
502	2.2619872082128163
503	2.2609968290104887
504	2.260589094449854
505	2.2598186087942342
506	2.25988038470864
507	2.259345888615558
508	2.2591459733569446
509	2.2586553136798138
510	2.258518399743446
511	2.258622069296631
512	2.2580761090923613
513	2.2584990634091904
514	2.2584327764518695
515	2.258187447898059
516	2.258082408874802
517	2.257819605362015
518	2.257794616781119
519	2.257591870495096
520	2.2569485395290325
521	2.2565722357372677
522	2.2562556290872067
523	2.25540313440419
524	2.2550510960293315
525	2.254427965276967
526	2.254399937837523
527	2.2546632023888007
528	2.254189403614691
529	2.254625516628684
530	2.2544914796823194
531	2.253463136832384
532	2.25336047315462
533	2.2531626159625855
534	2.252582447012013
535	2.252319676199931
536	2.251972104721619
537	2.2517306960821606
538	2.252173582899882
539	2.2517241379310344
540	2.2509738663439354
541	2.250264230711158
542	2.2499905806111298
543	2.2496333345868904
544	2.249502646297061
545	2.248857249906332
546	2.2486351058260414
547	2.248077927894305
548	2.248165393928106
549	2.248494087900647
550	2.2479495268138803
551	2.247462399051641
552	2.2468848215936403
553	2.246696685613051
554	2.2464264662540523
555	2.2462766153054097
556	2.245521949787109
557	2.245072177035246
558	2.2447890002194106
559	2.2453553308756433
560	2.2448719350020037
561	2.244762874599942
562	2.243882959413345
563	2.2438759240469635
564	2.2435707310015554
565	2.2432393400007222
566	2.2431253829242803
567	2.243362831858407
568	2.243177247917265
569	2.2429022082018926
570	2.24228869963501
571	2.241757456688694
572	2.2412907826707076
573	2.241359672539598
574	2.240788772428495
575	2.2403617662706155
576	2.2397238449283057
577	2.2393977947413064
578	2.239363578635434
579	2.2392942667981406
580	2.2382509051284756
581	2.2385430556530284
582	2.238133604231618
583	2.2377522117704656
584	2.2373106192836696
585	2.2369750827670325
586	2.236806401113237
587	2.2362828170579245
588	2.2358467672040216
589	2.2352656168887353
590	2.2352473742399117
591	2.235488877392654
592	2.2350409694966604
593	2.2346714324993124
594	2.2343717834351198
595	2.234476144809398
596	2.233614824438442
597	2.233079627291034
598	2.2330652855390487
599	2.233119025750927
600	2.2332065475786185
601	2.232633827168865
602	2.232477070430162
603	2.2317048449219543
604	2.2317941107026007
605	2.2321031719307696
606	2.2315371945275473
607	2.231190012752534
608	2.2315398016617527
609	2.231152585457221
610	2.2313009215974358
611	2.2312743758125273
612	2.231055941961463
613	2.230605667962391
614	2.2301237188629806
615	2.2298420477499254
616	2.229337476857974
617	2.22925605650538
618	2.228969653036344
619	2.2287246290996414
620	2.229064039408867
621	2.2286482410412773
622	2.2281029065200313
623	2.227461359997386
624	2.2272712444951885
625	2.227161700048852
626	2.2272623809059278
627	2.227193039413025
628	2.2268248411772333
629	2.226619636269497
630	2.2265839552841586
631	2.226329881609084
632	2.2261410120140432
633	2.226299202469771
634	2.226150338759914
635	2.225292514826094
636	2.2249639942390784
637	2.225059116763597
638	2.224802986312733
639	2.224572356894849
640	2.224618320610687
641	2.2243640636412714
642	2.224174012302619
643	2.2248147913632623
644	2.2247123530155517
645	2.22490137288938
646	2.2247290143685405
647	2.224116777298896
648	2.224204541885228
649	2.2235950827897644
650	2.22317542815993
651	2.2227258518286965
652	2.222090446615274
653	2.221799825501683
654	2.221876555500249
655	2.2217804559855874
656	2.2211437077466973
657	2.2209320328224185
658	2.221122928518427
659	2.220905105883806
660	2.2209241392065597
661	2.2205773728917886
662	2.220231693451741
663	2.2199619538537063
664	2.2196728342114938
665	2.219911301422236
666	2.2198808978469997
667	2.2196066473547797
668	2.219187675070028
669	2.218276889402323
670	2.2181884409907724
671	2.2172687598496785
672	2.2169400229982448
673	2.216243164032994
674	2.21588029443707
675	2.2151936863666486
676	2.2144189124157845
677	2.214096942759325
678	2.2139622754670585
679	2.2137445725407994
680	2.21382011721086
681	2.213524406627855
682	2.2134084540630776
683	2.2129654433431556
684	2.212767854489256
685	2.2127912153138447
686	2.2130156472261735
687	2.213357795993253
688	2.2130067367923414
689	2.212669282742749
690	2.212196199734865
691	2.211919750544214
692	2.2121496974325834
693	2.2118678868942863
694	2.2117688409829825
695	2.21127749181095
696	2.211085801063022
697	2.2111049546528245
698	2.2106933807041558
699	2.210241647038297
700	2.2097331513690874
701	2.2098579298347345
702	2.2092875133898846
703	2.2092740886357722
704	2.208741087151064
705	2.208388584606515
706	2.208676377454085
707	2.2082554830549888
708	2.208214931542237
709	2.207853253081112
710	2.2077907209708347
711	2.2073913167748023
712	2.207272519694029
713	2.20727397104093
714	2.2073038825002844
715	2.2070376897277018
716	2.2071980018165305
717	2.206586741490236
718	2.205977245712345
719	2.206150019784071
720	2.2058084728062997
721	2.205665163472379
722	2.205229236441417
723	2.2054186222984176
724	2.2057312863117122
725	2.2051123941924997
726	2.205217196596507
727	2.205652149605859
728	2.205141804376954
729	2.2048837598260578
730	2.2048434237995824
731	2.2047033968977594
732	2.20455807239618
733	2.204141601752003
734	2.203853393865574
735	2.2035439818654283
736	2.203749206261561
737	2.2034351565946184
738	2.2029568042287258
739	2.202820851204223
740	2.202509403398951
741	2.202785698618118
742	2.2025410038060294
743	2.202439224479751
744	2.2021081951992136
745	2.2021816198527406
746	2.201999019554442
747	2.201865803573857
748	2.2018632696852
749	2.2018552674405987
750	2.201533169000731
751	2.2015581464549463
752	2.201253444270355
753	2.2005664958187214
754	2.2002747918855574
755	2.2001614205004034
756	2.2000322415970337
757	2.19997853443881
758	2.199876735087625
759	2.2002033880161638
760	2.1997701640921483
761	2.1997437813600937
762	2.199392307897332
763	2.1991695722764897
764	2.198872999840519
765	2.1985719594415247
766	2.1983405349521514
767	2.1981626601715556
768	2.198143888316015
769	2.1978082915236334
770	2.198211978163981
771	2.1981142014327855
772	2.198016676749875
773	2.1980770241160092
774	2.197439529880896
775	2.196866485013624
776	2.196493982208268
777	2.1966814737392215
778	2.196524099057958
779	2.1963983216491623
780	2.1965173481870948
781	2.196578974732245
782	2.1962927386484594
783	2.1963961628208453
784	2.1961418953909893
785	2.196064234180652
786	2.1960176648330365
787	2.195537786948672
788	2.195311695002576
789	2.195327776062571
790	2.19483556012333
791	2.19463190577609
792	2.1945569166111425
793	2.1939347408829173
794	2.193768530825069
795	2.1940367089577006
796	2.1940698059811847
797	2.1942860052963944
798	2.19406439143482
799	2.194067000228583
800	2.1936130275974026
801	2.1935246877612546
802	2.193659388204337
803	2.1936722935408874
804	2.1936395759717313
805	2.1931637720249046
806	2.1929709725334208
807	2.1924266425284755
808	2.1923357022676475
809	2.192104141061978
810	2.1914280704391174
811	2.1917139926446674
812	2.1914590569479495
813	2.191329523048893
814	2.1912406211830397
815	2.191704426629488
816	2.19168510828754
817	2.1915913380351646
818	2.1914186507936506
819	2.1916321930193963
820	2.1912219500729853
821	2.191192823782341
822	2.191040355423917
823	2.191780484197032
824	2.191456358488243
825	2.191319316365425
826	2.191294949891924
827	2.191305627790589
828	2.191120258747427
829	2.1910379090085903
830	2.1913468589586897
831	2.1912400205083133
832	2.191206593835349
833	2.1909447380598652
834	2.1909071006348975
835	2.1907920310981535
836	2.1908956346606487
837	2.1909262759924384
838	2.1908116089366545
839	2.1907018349732854
840	2.190548633246402
841	2.1904589634131635
842	2.1903832719038325
843	2.190327237728585
844	2.190516246875601
845	2.190470475276044
846	2.190150806780311
847	2.190191101106375
848	2.18971537909591
849	2.189436468311794
850	2.1891627496361337
851	2.1886037034389076
852	2.188450643878984
853	2.1880795016879846
854	2.1878844007503977
855	2.1874570079935483
856	2.187267514867202
857	2.1872544843579913
858	2.1872459109388296
859	2.1870720997214224
860	2.1869178712065835
861	2.1864342910975036
862	2.186831024018443
863	2.186940482624122
864	2.186702027788209
865	2.1862912867155817
866	2.186288283225625
867	2.1861128651278094
868	2.1858677879000235
869	2.18607527007163
870	2.1857798699634126
871	2.1851825989805183
872	2.184684056353745
873	2.184260635333457
874	2.183760089062065
875	2.1834734866912227
876	2.1834505738615326
877	2.183160765461773
878	2.1834341382335287
879	2.183199594170817
880	2.1828588538787543
881	2.1827677441619695
882	2.1826810378507573
883	2.182375355798366
884	2.181749398142841
885	2.1817473949387383
886	2.1818410577846916
887	2.181728857710852
888	2.1815857944949104
889	2.181770512732827
890	2.1814724569034225
891	2.181661017720252
892	2.1812646263603934
893	2.181221914574917
894	2.1813606583391896
895	2.181468230605498
896	2.1816701348050302
897	2.181555284442637
898	2.1815268657053233
899	2.181551778549209
900	2.1812613992029
901	2.18144807575519
902	2.1811993080051226
903	2.180853212450349
904	2.1809051985025443
905	2.180665965022281
906	2.180750648653485
907	2.180772152464364
908	2.180485192045886
909	2.1801765650080256
910	2.179927405526978
911	2.1799052427875525
912	2.179834696054035
913	2.179612943317502
914	2.1793069811780876
915	2.179118689105403
916	2.179123625826716
917	2.1788775961113567
918	2.178922975060693
919	2.178593474426808
920	2.1781726894364803
921	2.178108708563384
922	2.177825141174661
923	2.1778236249506167
924	2.1778557333918
925	2.177599158982895
926	2.1770986020258594
927	2.1770580650800935
928	2.177104935711323
929	2.177333885775345
930	2.1772457959397054
931	2.1769799825935596
932	2.177030580973288
933	2.1769648284845853
934	2.176693849223562
935	2.176520288567777
936	2.176419667590028
937	2.176228976609451
938	2.1762800440538146
939	2.1759528894065876
940	2.176115672204624
941	2.1762857081351044
942	2.1763365016558427
943	2.1764010912293514
944	2.1764516544354318
945	2.1761263771595147
946	2.175852175402535
947	2.17581759459286
948	2.175608401170865
949	2.175513863097906
950	2.1754157782515993
951	2.1752188638251644
952	2.175316523034365
953	2.1752614573590683
954	2.1753726589374445
955	2.175136809061214
956	2.174845325875074
957	2.1749354442704143
958	2.1752193677978644
959	2.1750591416018925
960	2.175212052158501
961	2.1746864790810414
962	2.1747973470891675
963	2.174575130405519
964	2.1743460447526
965	2.174008856801058
966	2.173885697513523
967	2.1738957421408673
968	2.173783868605503
969	2.173765832044476
970	2.173372027475625
971	2.173083340285309
972	2.1733441673437923
973	2.1733302807667494
974	2.1734827536020958
975	2.173181572716321
976	2.173022657481949
977	2.172632495284681
978	2.1725573016957576
979	2.172358160795913
980	2.1721352121988513
981	2.171871452455159
982	2.1716701030927834
983	2.1713044015571255
984	2.1710423439364637
985	2.170427919595511
986	2.1705714461715364
987	2.170413521496554
988	2.1701569607802957
989	2.1701670351265046
990	2.1701975379330087
991	2.170330119300539
992	2.170217542141137
993	2.1699217157302453
994	2.169928517605849
995	2.1695487651055867
996	2.1694443315312384
997	2.169620921402611
998	2.169469179124156
999	2.1693617021276594
1000	2.169379327098263
1001	2.169147387154182
1002	2.1691987555052727
1003	2.1690010090817355
1004	2.1690927419354837
1005	2.168986283711656
1006	2.1689001569479656
1007	2.1689382060869216
1008	2.168872376744653
1009	2.168539100429322
1010	2.1685339212345927
1011	2.1683418091538864
1012	2.168280193623235
1013	2.1684151629598545
1014	2.1683668376819116
1015	2.1682953095086153
1016	2.168556115638262
1017	2.1685476005652755
1018	2.168479449603309
1019	2.168795566062099
1020	2.1687273015936017
1021	2.168573184512599
1022	2.168528421469598
1023	2.168289208120622
1024	2.1682843418269515
1025	2.16807867764678
1026	2.1681365295452304
1027	2.167671870072532
1028	2.167903908634439
1029	2.1677781056358807
1030	2.1676656120423683
1031	2.1676777195358974
1032	2.1676669020161605
1033	2.167505927072516
1034	2.1676225898013115
1035	2.1675369120954335
1036	2.167249496942583
1037	2.16710580244745
1038	2.167180127130211
1039	2.1673549694159817
1040	2.167068851438135
1041	2.1669615257499464
1042	2.1670033408437575
1043	2.167161514428208
1044	2.167115798452919
1045	2.167070171021286
1046	2.166969814241486
1047	2.1669663051673145
1048	2.166982115956584
1049	2.16684031797484
1050	2.1667758972975055
1051	2.166782206816869
1052	2.1664903133957947
1053	2.166387975936497
1054	2.1665450495429757
1055	2.166289375743391
1056	2.1659671515360586
1057	2.165709362435382
1058	2.1656847742922722
1059	2.165414970666361
1060	2.165164763832143
1061	2.164813366648229
1062	2.1649643660200466
1063	2.1647502284495888
1064	2.1644700557235503
1065	2.1643169295078852
1066	2.1642496488364147
1067	2.164586968064932
1068	2.1645699128457747
1069	2.164852637755778
1070	2.1646936459909227
1071	2.164771009673519
1072	2.164596625014157
1073	2.164406811624267
1074	2.1643649791811894
1075	2.1643044026577822
1076	2.164162545365652
1077	2.1641210618271995
1078	2.1639858105444922
1079	2.164150837255527
1080	2.1639190708130385
1081	2.1637500233955342
1082	2.1636156248246974
1083	2.163409804214617
1084	2.16323559603576
1085	2.1630148992112184
1086	2.162977867203219
1087	2.162975095856755
1088	2.16278940027894
1089	2.162731072921505
1090	2.162524361948956
1091	2.162240848570263
1092	2.1622973598888375
1093	2.162110134197131
1094	2.161981728742094
1095	2.16161989395311
1096	2.161790493770189
1097	2.1616413093591516
1098	2.1617378807141674
1099	2.161496971816726
1100	2.1615323782024167
1101	2.1616625629341075
1102	2.1613489499192244
1103	2.1613660540699167
1104	2.161309829216448
1105	2.161619860129618
1106	2.1615511249314068
1107	2.161415883922371
1108	2.1613174133713073
1109	2.1610973296366556
1110	2.160859423406349
1111	2.160737045264193
1112	2.1605850038199876
1113	2.1605357856857257
1114	2.160680563625799
1115	2.1605950653120463
1116	2.160470554115536
1117	2.160159362549801
1118	2.1601621161953357
1119	2.1601619696668415
1120	2.1600744112122525
1121	2.1601191013263557
1122	2.159974758856937
1123	2.1598155420254352
1124	2.159764591544733
1125	2.1597770385687314
1126	2.1598102971293067
1127	2.1597717034298327
1128	2.159446277435088
1129	2.159357196603246
1130	2.159250375886017
1131	2.1592689295039165
1132	2.159287449971412
1133	2.159002463493877
1134	2.158914175643861
1135	2.159175963217735
1136	2.15887401182252
1137	2.1591802607937667
1138	2.1590892933314376
1139	2.1590723443548674
1140	2.1590021999858067
1141	2.1590002658867324
1142	2.1587737319353923
1143	2.158880985242595
1144	2.159043897954493
1145	2.1589359522379623
1146	2.159133826306408
1147	2.1590993246698287
1148	2.158956380804735
1149	2.1588192843187297
1150	2.1588758749252577
1151	2.158909212306503
1152	2.1589157493723774
1153	2.158703430856662
1154	2.1587949737999685
1155	2.1588015899420405
1156	2.1587004443822386
1157	2.1585267794714027
1158	2.1584407419050615
1159	2.1583576177430333
1160	2.1582599598988756
1161	2.1586649014005994
1162	2.158613847599819
1163	2.1586525920386763
1164	2.158708646093967
1165	2.158741732201448
1166	2.158479897318486
1167	2.158409149987003
1168	2.158306640117739
1169	2.1584665421078126
1170	2.158482412928874
1171	2.1582882898440605
1172	2.158373304806929
1173	2.15813608702398
1174	2.1582782141380736
1175	2.1581936460950675
1176	2.15779971112181
1177	2.157646977974779
1178	2.1575261341984655
1179	2.1575282556125335
1180	2.157650324725397
1181	2.1575523062699036
1182	2.1578281100314767
1183	2.1575564899326567
1184	2.157595423106481
1185	2.157580411227711
1186	2.1575510621611484
1187	2.157558515893837
1188	2.1576340425531915
1189	2.157755102040816
1190	2.1575307551145246
1191	2.157481919119894
1192	2.1571278328131362
1193	2.156975069064285
1194	2.156861748967012
1195	2.1569151636154444
1196	2.156658890353991
1197	2.1569203743116785
1198	2.1569229730642006
1199	2.1566894877069913
1200	2.156506941636339
1201	2.1562547346093632
1202	2.1563588044337543
1203	2.156277834731022
1204	2.155908922994257
1205	2.1558646376860224
1206	2.1557790629452684
1207	2.155763239875389
1208	2.1554848966613673
1209	2.155318864327994
1210	2.155241834433214
1211	2.1550313835470085
1212	2.1550714726535785
1213	2.1549063395773613
1214	2.154832478518617
1215	2.1545897738806343
1216	2.154461272464298
1217	2.1542780260119927
1218	2.1543159676696595
1219	2.1538869726717964
1220	2.1539226244718748
1221	2.1537455508649948
1222	2.1535878519204683
1223	2.1537279143182984
1224	2.1535984410608715
1225	2.153620223087585
1226	2.1537459605618943
1227	2.1533367378877486
1228	2.1532409388682225
1229	2.153117444862918
1230	2.1531091829356472
1231	2.1529885057471265
1232	2.1529072056700356
1233	2.153112244061573
1234	2.153071253071253
1235	2.1529950900163666
1236	2.1529681112019623
1237	2.1527262626427675
1238	2.1526317507999737
1239	2.152588822550651
1240	2.1526274612074587
1241	2.152456800377844
1242	2.1520235634896094
1243	2.1518186696151282
1244	2.1517765755227374
1245	2.1518668831168832
1246	2.151713734204934
1247	2.1513938411669367
1248	2.151340934119324
1249	2.151024304993689
1250	2.151082510065161
1251	2.151323230038453
1252	2.151413396186817
1253	2.151259013114384
1254	2.151183031397073
1255	2.151047622115214
1256	2.15133082295388
1257	2.1511472721133282
1258	2.150833052168185
1259	2.1509046250662216
1260	2.1508180943214628
1261	2.150878374046291
1262	2.1506022166698697
1263	2.150500120028807
1264	2.150395778364116
1265	2.1502388674964448
1266	2.150166834299216
1267	2.1503844558593626
1268	2.1503259639447214
1269	2.150672931432667
1270	2.1505506397606466
1271	2.1504834298072644
1272	2.1506840608265936
1273	2.1507891143501316
1274	2.1506132097923176
1275	2.150282969515385
1276	2.150356407413274
1277	2.1504590060145614
1278	2.150100425424238
1279	2.1498396043046095
1280	2.14989104001516
1281	2.1497120315581855
1282	2.1497225025227045
1283	2.1497329573204356
1284	2.1498040079971035
1285	2.1497829232995658
1286	2.1496314225987456
1287	2.149713388299961
1288	2.1496633868461936
1289	2.1496111145957473
1290	2.1495589226116794
1291	2.1494551603206413
1292	2.1493022964770665
1293	2.149299693615957
1294	2.1491830933116742
1295	2.14911349731552
1296	2.1490977713314305
1297	2.148787633235679
1298	2.148578368783283
1299	2.1483826801300703
1300	2.148420496237796
1301	2.1484939337921176
1302	2.1484718190708287
1303	2.1482791245947914
1304	2.1482308085739525
1305	2.147974354209255
1306	2.1479349457623447
1307	2.1478406086190103
1308	2.1478345513820862
1309	2.147674113414954
1310	2.1475270741414954
1311	2.1472877776578856
1312	2.1471435392695963
1313	2.146953349853016
1314	2.146996401218049
1315	2.14682198180477
1316	2.146711506272938
1317	2.146660324377407
1318	2.1464865610769537
1319	2.1465428750900095
1320	2.1466778934476425
1321	2.146812709388242
1322	2.1466348725944266
1323	2.1467192082111435
1324	2.1467163199584864
1325	2.146591429007168
1326	2.1465886404852252
1327	2.1465052535404294
1328	2.146180766889836
1329	2.1461456591150982
1330	2.1462147338995154
1331	2.146227417640808
1332	2.146331103323776
1333	2.1464087560258314
1334	2.14631301502666
1335	2.1461720098083736
1336	2.1460463427914576
1337	2.1457350985370574
1338	2.145702765150943
1339	2.1457286432160805
1340	2.145450707198649
1341	2.1454186568625975
1342	2.145464127079726
1343	2.145292329913038
1344	2.144970458679736
1345	2.1446340584064414
1346	2.144750667987631
1347	2.144432111357773
1348	2.1443838244551694
1349	2.144258563105633
1350	2.1438983507438114
1351	2.143970209965903
1352	2.143664076509265
1353	2.143516306295544
1354	2.1434390760691158
1355	2.143624000954312
1356	2.14364896073903
1357	2.143752605562504
1358	2.1436286543182326
1359	2.143473025406217
1360	2.143572298642265
1361	2.1434042363698436
1362	2.143598795556017
1363	2.1434902472283155
1364	2.1435595906337475
1365	2.1434216368210746
1366	2.1435691151895178
1367	2.143494709463853
1368	2.1433592250214124
1369	2.143327234092787
1370	2.1432679121754132
1371	2.1432360351864674
1372	2.1434608475424803
1373	2.1434456983947148
1374	2.14347257142017
1375	2.1434112513406696
1376	2.1434947294242006
1377	2.1434628249515875
1378	2.1435042659864543
1379	2.143606346043977
1380	2.1435158754556234
1381	2.143561387340735
1382	2.1434168018827933
1383	2.14348524685948
1384	2.143159492636219
1385	2.1432613768961493
1386	2.143246512848169
1387	2.143148450244698
1388	2.143073385148313
1389	2.143102319831285
1390	2.1428986686820535
1391	2.142838469805676
1392	2.1426270190256433
1393	2.14259404275066
1394	2.1426770421249404
1395	2.1424847958297133
1396	2.1424871216067602
1397	2.1425927264839855
1398	2.1425165448082537
1399	2.1423105245679137
1400	2.142232610483487
1401	2.142235102440994
1402	2.1422375909516607
1403	2.142046763418567
1404	2.142072021523012
1405	2.1419206440483034
1406	2.141851511320538
1407	2.141790723381042
1408	2.1417053996671833
1409	2.1413560779816514
1410	2.1414880815952326
1411	2.1414727017664403
1412	2.141514561995766
1413	2.1412724959618052
1414	2.1412552851102733
1415	2.1411116503468555
1416	2.1410090002710067
1417	2.1409492588369443
1418	2.141046274800245
1419	2.140956121998776
1420	2.141099670042098
1421	2.1408714931354993
1422	2.1405726296653977
1423	2.1406045983536757
1424	2.140464337885944
1425	2.1403344671201814
1426	2.1404050417787848
1427	2.1403339937729973
1428	2.140119641922756
1429	2.1401517828120804
1430	2.1402242684442436
1431	2.1401354784081286
1432	2.140040616009477
1433	2.1399219289468863
1434	2.1397408815659764
1435	2.139417393751759
1436	2.1391084235691182
1437	2.1390770354964728
1438	2.1389212643758864
1439	2.138767663443863
1440	2.1386162216737716
1441	2.138603178162047
1442	2.1384201755982803
1443	2.138253361879574
1444	2.138100764895893
1445	2.137904533005422
1446	2.1377365077148642
1447	2.1378396103986717
1448	2.1377834174638144
1449	2.1379262293939774
1450	2.137899823151797
1451	2.137817792187913
1452	2.137725799947157
1453	2.1380647313053265
1454	2.1379707810243307
1455	2.1379166782314245
1456	2.1377952209910274
1457	2.1377589910609105
1458	2.13753895159615
1459	2.137386514614703
1460	2.1373053411888363
1461	2.137321023826635
1462	2.137324770388785
1463	2.1373561156043834
1464	2.1373441465298466
1465	2.137503273559289
1466	2.137504993044173
1467	2.1376343790003993
1468	2.1375416104982254
1469	2.137570792324188
1470	2.137491929612484
1471	2.1373270371183835
1472	2.1374679342085408
1473	2.1374422525943495
1474	2.1372111182651343
1475	2.1371190756509595
1476	2.1369705592645287
1477	2.1367930332071037
1478	2.1365884313779064
1479	2.136555396272783
1480	2.1365850330854763
1481	2.136546458517963
1482	2.136712310102868
1483	2.136387773163592
1484	2.136269627452581
1485	2.1360935481677883
1486	2.135934994700655
1487	2.1357729648991786
1488	2.1355550429461174
1489	2.135559894773954
1490	2.1354951487885523
1491	2.1352643267251654
1492	2.135022124791946
1493	2.135050709939148
1494	2.1349225654747426
1495	2.1348854796888506
1496	2.1348079570298792
1497	2.1348402497740975
1498	2.1348823418420984
1499	2.1348588514168734
1500	2.134973619037364
1501	2.134798515091193
1502	2.1345887602994744
1503	2.134607635064342
1504	2.134935230552386
1505	2.1348733633827
1506	2.134580065688049
1507	2.134474720681617
1508	2.1342909928242477
1509	2.13421453990849
1510	2.134031231616664
1511	2.1339283328434386
1512	2.13384249739632
1513	2.1337380745880314
1514	2.133814273522509
1515	2.133757112967923
1516	2.1337062192036225
1517	2.133672260743422
1518	2.1335150950924326
1519	2.1333732057416266
1520	2.133567102327064
1521	2.133521822236381
1522	2.1334465285331494
1523	2.1334243597221487
1524	2.133483473537789
1525	2.133461309326802
1526	2.1333747883149874
1527	2.1333826951554897
1528	2.1332813614862185
1529	2.1332426651173844
1530	2.1333526865829198
1531	2.1332647625075825
1532	2.1331391747822304
1533	2.1332753875126755
1534	2.1332833208302073
1535	2.1329703282828283
1536	2.1328811955364535
1537	2.132913886407818
1538	2.1328283955316945
1539	2.1327150371895947
1540	2.132695332983744
1541	2.132662552896016
1542	2.1324954176485993
1543	2.132358136309516
1544	2.1324415852717737
1545	2.1323175831068366
1546	2.1322164039749802
1547	2.132089260080908
1548	2.1320666136331035
1549	2.1321794888503693
1550	2.1323052476653164
1551	2.1324386942260634
1552	2.13238985938943
1553	2.132472799594431
1554	2.1324110158482723
1555	2.1322471764247695
1556	2.132226258432797
1557	2.13219411635053
1558	2.13199357329809
1559	2.1318028201841277
1560	2.1318598843152734
1561	2.131798784430363
1562	2.131634380532689
1563	2.1315252486116494
1564	2.13149369506576
1565	2.131539572799505
1566	2.1315467213220414
1567	2.1315297906602253
1568	2.131688037489057
1569	2.1316016313507533
1570	2.13169533801332
1571	2.131959345728346
1572	2.1320851632123685
1573	2.1318866060084956
1574	2.13189011721856
1575	2.131893623838513
1576	2.131615349146985
1577	2.131543916237872
1578	2.131730092740646
1579	2.13164757619145
1580	2.131445142827942
1581	2.131413980210661
1582	2.131202551834131
1583	2.1311205753340814
1584	2.131189948263119
1585	2.1311318832458865
1586	2.1307795100222715
1587	2.13065652583115
1588	2.130559121471332
1589	2.130449141347424
1590	2.130466241003313
1591	2.130435885725884
1592	2.130494313931818
1593	2.130474995882271
1594	2.13048267828201
1595	2.130588279954952
1596	2.130428184830168
1597	2.130459508644222
1598	2.1305555906386955
1599	2.130534659463826
1600	2.130378293830493
1601	2.13045999470546
1602	2.1303022286052635
1603	2.130218562723473
1604	2.1300469306357654
1605	2.130193139523187
1606	2.1302796104304114
1607	2.1303392235911733
1608	2.130434782608696
1609	2.1305269495628614
1610	2.1305579582064107
1611	2.130474543996793
1612	2.130569779524996
1613	2.130523997797908
1614	2.1307740402650994
1615	2.1307580794321277
1616	2.1305748791667187
1617	2.130416874687968
1618	2.1303870573413666
1619	2.1304320726021593
1620	2.1304661998853813
1621	2.1306637779686977
1622	2.130369319595839
1623	2.1301887730992117
1624	2.1301824418373436
1625	2.1301388578383884
1626	2.1298082293800036
1627	2.1296160764125784
1628	2.1294613525072834
1629	2.12951743789878
1630	2.129274694797316
1631	2.129205488944158
1632	2.1292492611324767
1633	2.1291355125749245
1634	2.1293322793409253
1635	2.1292540519188754
1636	2.129285353005761
1637	2.1291563413100567
1638	2.1290783637259736
1639	2.1291128952812532
1640	2.1289119706609894
1641	2.128757317853102
1642	2.1287289354327226
1643	2.128634426169097
1644	2.1286168501945766
1645	2.128476609944914
1646	2.1283349681216284
1647	2.1281828207327536
1648	2.1282789193955276
1649	2.1282110905775373
1650	2.128144913709806
1651	2.1279183473902945
1652	2.1278295605858855
1653	2.127690485783003
1654	2.127513421181064
1655	2.127620139253009
1656	2.127650499634414
1657	2.127362626656274
1658	2.127482960077897
1659	2.127367383926725
1660	2.127361357613479
1661	2.1273098370813135
1662	2.1273676542010684
1663	2.1275072502457197
1664	2.1273556304722177
1665	2.1272890332432466
1666	2.1273224970325333
1667	2.12728175083523
1668	2.127401403338979
1669	2.127405938678789
1670	2.1273788378584118
1671	2.1271796358015744
1672	2.127223576548961
1673	2.1270729559900134
1674	2.126970734294393
1675	2.127111089695714
1676	2.1271203785078794
1677	2.127189816151699
1678	2.1271614439287174
1679	2.127109070807095
1680	2.127131876050925
1681	2.1271155923658625
1682	2.1269313819577733
1683	2.1269856493747827
1684	2.1270668583752697
1685	2.127065670354936
1686	2.1269028243178556
1687	2.126818007846139
1688	2.1267213349909153
1689	2.126632181299055
1690	2.1265700367734848
1691	2.126496032456297
1692	2.126410189138264
1693	2.1262752669717773
1694	2.1264174766533257
1695	2.1263258139396464
1696	2.126356238698011
1697	2.1264341850262167
1698	2.1265521953538116
1699	2.126248411652238
1700	2.1263871251053326
1701	2.1263833370894467
1702	2.1261172621446693
1703	2.1259611169689716
1704	2.125830323841099
1705	2.125934866988545
1706	2.1258943882679913
1707	2.1259042125667817
1708	2.1259967160053392
1709	2.125851504669256
1710	2.125824454591578
1711	2.12590653412106
1712	2.125795502757743
1713	2.1257670518120677
1714	2.1257268639499025
1715	2.1257367387033397
1716	2.125568763006596
1717	2.125533189974266
1718	2.1254139753376395
1719	2.125412270097067
1720	2.125236078688986
1721	2.1251890497684505
1722	2.1252226284214473
1723	2.1250687995503146
1724	2.1249956111091604
1725	2.1248508667274897
1726	2.124625923501356
1727	2.1244596583872704
1728	2.124420573296748
1729	2.1242794127943614
1730	2.124170505568838
1731	2.1240617278194787
1732	2.124130700681461
1733	2.1240118749636183
1734	2.123849528175651
1735	2.1237905851707137
1736	2.1238363105961113
1737	2.123927007468841
1738	2.123900071974182
1739	2.123968859857758
1740	2.1239085817650536
1741	2.1238845752694404
1742	2.1237665045170258
1743	2.1237541816666474
1744	2.123681166126793
1745	2.1234954734128038
1746	2.1234833252444014
1747	2.1236343057769154
1748	2.123676950956289
1749	2.1236070415061254
1750	2.1236395498985425
1751	2.123605733775811
1752	2.1235705319406217
1753	2.1235210165277842
1754	2.123382374932419
1755	2.123519808696052
1756	2.1234474279870854
1757	2.1234023495366383
1758	2.1235524337476614
1759	2.1234342739160357
1760	2.123304788435304
1761	2.1232427849638533
1762	2.1231007041850347
1763	2.1230760427991076
1764	2.1229470698568096
1765	2.1228882335459387
1766	2.1229336836693893
1767	2.1228735185988628
1768	2.1225710014947685
1769	2.122616549584892
1770	2.122522481450666
1771	2.122589390470332
1772	2.1225651475995857
1773	2.1226816557813533
1774	2.1226105052480753
1775	2.1225521952106563
1776	2.1226089327093463
1777	2.1224811833755264
1778	2.1224911217763256
1779	2.12251377769714
1780	2.122510964788014
1781	2.122532196133066
1782	2.122676537843284
1783	2.122598601588487
1784	2.122619747614094
1785	2.1225928939517225
1786	2.1225363407389
1787	2.122604023209085
1788	2.1226490663958932
1789	2.1226814004623105
1790	2.12261227249676
1791	2.1223588773257647
1792	2.1223125239199443
1793	2.122200096752056
1794	2.1220751768105512
1795	2.1220838764777272
1796	2.1220813351452734
1797	2.1221601113505746
1798	2.1222037739235793
1799	2.122135264833834
1800	2.1220108025728948
1801	2.121875279992832
1802	2.121546899485113
1803	2.1216592645627537
1804	2.1216024329431233
1805	2.121466085596156
1806	2.121017187657051
1807	2.120938487124823
1808	2.1209518178471423
1809	2.120860742557699
1810	2.1207613189360255
1811	2.1207150016705647
1812	2.120782733556696
1813	2.1206225248075468
1814	2.120654192099441
1815	2.1206787345401206
1816	2.120735228787206
1817	2.1206113818250434
1818	2.1204224492739154
1819	2.1205441784657006
1820	2.1206201103698943
1821	2.120709705286241
1822	2.120707976356512
1823	2.120717312181253
1824	2.120694802251142
1825	2.1205507608323297
1826	2.120673278699388
1827	2.120572229642467
1828	2.1205388171177035
1829	2.1204573520331658
1830	2.1204778119386867
1831	2.1205119168245297
1832	2.120412566321027
1833	2.1203560073489776
1834	2.1203778024563755
1835	2.1201015406932022
1836	2.1201054423636663
1837	2.120058838381066
1838	2.1199052080704797
1839	2.1199271905874095
1840	2.1198930387515342
1841	2.1196289115981557
1842	2.1196207866706076
1843	2.119466509113985
1844	2.119457171913786
1845	2.119389282942983
1846	2.119258539142973
1847	2.1193244467734362
1848	2.119282472067039
1849	2.119370106218238
1850	2.119458946886547
1851	2.1194265607808536
1852	2.119327584705165
1853	2.119306187294609
1854	2.1192086831687473
1855	2.119078675623383
1856	2.119003128802364
1857	2.1190145280027797
1858	2.1191791376821816
1859	2.1190806742011756
1860	2.1190282610816613
1861	2.1189516565906086
1862	2.11901719582449
1863	2.119064884463445
1864	2.1189476872484962
1865	2.1189266330789023
1866	2.1188719001566807
1867	2.119123475856706
1868	2.119209015154786
1869	2.1191352097785163
1870	2.11896187354438
1871	2.11894472524275
1872	2.1188914380499995
1873	2.118793868147957
1874	2.1188280737241905
1875	2.1187104128356506
1876	2.1187673986177837
1877	2.1186726538329324
1878	2.1186961143262075
1879	2.1184689180053438
1880	2.1185220935220936
1881	2.118546865620444
1882	2.1186989082571754
1883	2.1187758336367337
1884	2.1186707336651147
1885	2.1184763656979047
1886	2.1183702705881093
1887	2.118316450827029
1888	2.1183066703688676
1889	2.118459535042589
1890	2.1184390202270205
1891	2.118483766060671
1892	2.1183447717294004
1893	2.118376346032997
1894	2.1184010219832863
1895	2.118455072617971
1896	2.1182313156663404
1897	2.118265398310039
1898	2.118213204440431
1899	2.1182141529967615
1900	2.118137057238057
1901	2.1182547089767523
1902	2.1183441988657443
1903	2.1183899642944173
1904	2.1184132497458488
1905	2.118437764606266
1906	2.118343383052999
1907	2.1183032174161283
1908	2.1182724112058673
1909	2.1182217621834005
1910	2.1181264449112733
1911	2.117959864103484
1912	2.1180149113649067
1913	2.118122602133311
1914	2.117909174224947
1915	2.1178997462596993
1916	2.1178049037146165
1917	2.1177652268113882
1918	2.117759603052793
1919	2.117742240527875
1920	2.117764429135512
1921	2.1177865944538907
1922	2.117843916870364
1923	2.117740193559887
1924	2.1176051393299167
1925	2.1175959191796463
1926	2.1176205781048796
1927	2.1175811987276076
1928	2.117459421017403
1929	2.1175456018397534
1930	2.1175063209143907
1931	2.1174855114081343
1932	2.1175181339038773
1933	2.117425546341209
1934	2.1174060365949017
1935	2.1174398732858157
1936	2.117339499229263
1937	2.117543567428012
1938	2.117494043097797
1939	2.117380949904843
1940	2.1173083319474473
1941	2.117186282556074
1942	2.1171138430867633
1943	2.11710617806698
1944	2.1171802877384422
1945	2.1172671193820953
1946	2.1170405678462254
1947	2.1169568234307197
1948	2.1167915700563102
1949	2.116720809451882
1950	2.1167133713174846
1951	2.116600177763079
1952	2.116559410798583
1953	2.1165198897366273
1954	2.116522887687291
1955	2.1164009158604755
1956	2.11648643912295
1957	2.1164046240392342
1958	2.1163228948913075
1959	2.1162915161433085
1960	2.116200841468558
1961	2.116192512929129
1962	2.1162071339752746
1963	2.1162090818517036
1964	2.116273817345598
1965	2.1162950574087565
1966	2.116112358859182
1967	2.1161656023534476
1968	2.116116341730783
1969	2.1159942658201927
1970	2.115986081260874
1971	2.1159688622019455
1972	2.1158993548650944
1973	2.1158605749087975
1974	2.1158116209950055
1975	2.1157513270722745
1976	2.1157036598679713
1977	2.1156458422566238
1978	2.1156186612576064
1979	2.115703573902767
1980	2.115675213327088
1981	2.1157283015795474
1982	2.115464819392312
1983	2.115264955874578
1984	2.115218893540913
1985	2.1150384951347836
1986	2.1149383280036544
1987	2.1149307493277867
1988	2.114995334874853
1989	2.1149078081761323
1990	2.114830499888553
1991	2.1146991514267777
1992	2.114713115998502
1993	2.114606832505488
1994	2.114468003356892
1995	2.1143821564644414
1996	2.1142839826664916
1997	2.114308214199176
1998	2.1142808129326527
1999	2.1140695915279877
2000	2.1138899809477727
2001	2.1138763501531517
2002	2.113878286790401
2003	2.113790777964549
2004	2.1138051067425905
2005	2.113853022806806
2006	2.1137768486225164
2007	2.1137498367539655
2008	2.113713952927946
2009	2.1137371791011823
2010	2.1138718640599454
2011	2.113834832215438
2012	2.1138568221901557
2013	2.113759740389816
2014	2.1137328314579746
2015	2.1138271580232337
2016	2.1138291063285064
2017	2.1137199632161847
2018	2.113803025156353
2019	2.1137972699040373
2020	2.1137427513449314
2021	2.1137381657837766
2022	2.113691431762207
2023	2.1137532389874427
2024	2.1138161171431418
2025	2.1137583257832957
2026	2.113801235931576
2027	2.1138364216871066
2028	2.1137102466472477
2029	2.1136250720403824
2030	2.113568647703798
2031	2.113433991482772
2032	2.1132972179227685
2033	2.113310458358952
2034	2.113285160625254
2035	2.113268672538316
2036	2.1131531781318387
2037	2.1129365888419325
2038	2.112852168407724
2039	2.112775487200783
2040	2.1128801130580017
2041	2.112915493653381
2042	2.112959598752024
2043	2.1128522933607012
2044	2.1127856628561847
2045	2.1129075189526505
2046	2.1129996945421583
2047	2.112953898578843
2048	2.112878616358392
2049	2.1129422645519305
2050	2.1130036287824403
2051	2.11297757944504
2052	2.112891499980351
2053	2.1128447844146154
2054	2.112938844013466
2055	2.1129510094371087
2056	2.112925050005883
2057	2.1128904221017866
2058	2.112734966548796
2059	2.112808161506981
2060	2.1129584687047402
2061	2.1129314645096295
2062	2.112945800093853
2063	2.1130198561601
2064	2.1130536699711873
2065	2.1129095239954703
2066	2.1127546639606587
2067	2.112709434551093
2068	2.1127530778753645
2069	2.112756608240693
2070	2.1127103459021503
2071	2.112765853895946
2072	2.112809386674969
2073	2.112723170874013
2074	2.112707268238633
2075	2.1125456594388745
2076	2.1124510860594055
2077	2.11251625676961
2078	2.1125597819233044
2079	2.1124858192818983
2080	2.1123828537646707
2081	2.1124349771875273
2082	2.1123816347475843
2083	2.1124433863662757
2084	2.1123879167754853
2085	2.1123217479576546
2086	2.112363024950235
2087	2.1125513111508187
2088	2.1125656472042014
2089	2.112541371956809
2090	2.1125953646280418
2091	2.112667502169093
2092	2.112614305398973
2093	2.1124626793797554
2094	2.1124363454337174
2095	2.1125950158760705
2096	2.112627428351606
2097	2.112622441819108
2098	2.1125288239815525
2099	2.112454504422314
2100	2.11243040890766
2101	2.1123487704957356
2102	2.1124398243157714
2103	2.1124626178974006
2104	2.112590775833988
2105	2.112536867506799
2106	2.1125330219380527
2107	2.112632263742992
2108	2.112597536719706
2109	2.1125532850343127
2110	2.1125260322130726
2111	2.112597515444919
2112	2.112639224257232
2113	2.112547339902888
2114	2.1125042907814944
2115	2.112411486080799
2116	2.1125198853082106
2117	2.1125128537151996
2118	2.112402215497059
2119	2.1123202191614032
2120	2.11227846657032
2121	2.1121860359033326
2122	2.1120546357773153
2123	2.112010937158807
2124	2.1120463862739145
2125	2.1119363344905433
2126	2.1118843327802796
2127	2.1118418558811265
2128	2.111787828557897
2129	2.1119147928994084
2130	2.1118618405488525
2131	2.1117154099353033
2132	2.111662601395428
2133	2.111639246666604
2134	2.111559241348043
2135	2.111487698495119
2136	2.1116164952345002
2137	2.111628828251007
2138	2.1116222942906706
2139	2.1116251896384384
2140	2.1115338971876354
2141	2.1116435390032198
2142	2.11156278229449
2143	2.1115960158388276
2144	2.1115926632759545
2145	2.111483851567859
2146	2.1113939268707322
2147	2.1113343409972116
2148	2.111271676300578
2149	2.1111892703057586
2150	2.1112611092361346
2151	2.1112652036207575
2152	2.111296350064157
2153	2.1112348926689073
2154	2.1113148931391996
2155	2.1112254250921265
2156	2.111221217758748
2157	2.111170292292741
2158	2.11107894048642
2159	2.1110748060531943
2160	2.111022982821204
2161	2.1109712079241163
2162	2.111060354632409
2163	2.1110645197361064
2164	2.111032459367578
2165	2.1110573208084684
2166	2.111023226382789
2167	2.111038767765459
2168	2.111192718550404
2169	2.111103883431991
2170	2.1110409332825575
2171	2.1110450920501704
2172	2.111003878918357
2173	2.111054428078507
2174	2.1110390031799597
2175	2.110894887548303
2176	2.1109567343763027
2177	2.1108487945783803
2178	2.1108633086867603
2179	2.1108613608613607
2180	2.1108666105753673
2181	2.1108266715955826
2182	2.110877095746155
2183	2.111013647024062
2184	2.110879356172475
2185	2.1109112378000408
2186	2.110776096557956
2187	2.110678967401823
2188	2.1104601354152273
2189	2.1104000736614337
2190	2.1102368002061533
2191	2.1102300637481717
2192	2.110245777283301
2193	2.1102410690488664
2194	2.110034265136831
2195	2.1100939333559827
2196	2.1102126605049882
2197	2.1101804537489794
2198	2.1100565779941864
2199	2.110061134890883
2200	2.110167472881853
2201	2.110031591960075
2202	2.1098063264260087
2203	2.109645310913299
2204	2.1096337616021215
2205	2.109675060554819
2206	2.109571144042246
2207	2.109705758798926
2208	2.109757099433141
2209	2.1097161522248884
2210	2.1096661225159825
2211	2.1096343697869666
2212	2.109557088318102
2213	2.1093888033806616
2214	2.1092742963259656
2215	2.10927818166929
2216	2.1093032350774434
2217	2.1092889220195996
2218	2.1092957746478875
2219	2.109327883742053
2220	2.1090593821209067
2221	2.1089262542761995
2222	2.108821448654924
2223	2.108834594986628
2224	2.108848715509039
2225	2.10891008396511
2226	2.1088255531814726
2227	2.1087320476737768
2228	2.108719052744887
2229	2.108715111074945
2230	2.108747322663148
2231	2.1087714543812104
2232	2.108876829587626
2233	2.108838686968059
2234	2.108925897190697
2235	2.108856787318076
2236	2.1088257562101163
2237	2.108859778730765
2238	2.108720710336257
2239	2.1087447679913587
2240	2.108593946809659
2241	2.1086270313048012
2242	2.108506296799015
2243	2.108540365694775
2244	2.1084676043182267
2245	2.108446822454238
2246	2.108316433660559
2247	2.108385430214098
2248	2.108356718277912
2249	2.1082185520078145
2250	2.1081700839312427
2251	2.1080599527254495
2252	2.1079221034920974
2253	2.1078549767866246
2254	2.107654753708456
2255	2.1076076076076076
2256	2.1075069012033554
2257	2.1075918848448048
2258	2.1076500147270147
2259	2.1075475064680167
2260	2.107598605302348
2261	2.1075773917228964
2262	2.1074136440987536
2263	2.1073836261788776
2264	2.107317073170732
2265	2.1072337396565533
2266	2.1071939950729717
2267	2.1072816008676405
2268	2.107224098098454
2269	2.107266251587633
2270	2.10723639236854
2271	2.1072705813447867
2272	2.107187524947444
2273	2.1071054918163603
2274	2.107112154916471
2275	2.107153297603756
2276	2.1071039606152104
2277	2.1071902713610537
2278	2.107160550621041
2279	2.1071839131280616
2280	2.1072602885023333
2281	2.107292421324192
2282	2.1072705917677084
2283	2.1073017442271027
2284	2.1072701605787896
2285	2.1071778183453715
2286	2.1071560797588194
2287	2.107137192704203
2288	2.107187838540061
2289	2.1072472444272283
2290	2.1071833997729614
2291	2.1071626483239068
2292	2.1071243306927383
2293	2.1071475651875873
2294	2.107270235606234
2295	2.107347014040726
2296	2.1073622862760244
2297	2.107262550227229
2298	2.107169791465703
2299	2.107114056309386
2300	2.1071381633708044
2301	2.1070017953321365
2302	2.106945271192969
2303	2.107040355605334
2304	2.1071537903105892
2305	2.1069670662085485
2306	2.106876633080197
2307	2.106776611170315
2308	2.106807644958222
2309	2.1067454464527278
2310	2.106794846071307
2311	2.1068781500148237
2312	2.1068595833696504
2313	2.106925362211516
2314	2.1070741201982113
2315	2.1069665816481975
2316	2.106831174029183
2317	2.1069248030057923
2318	2.1069932015370436
2319	2.1068328162882244
2320	2.1068124766562146
2321	2.106871223171494
2322	2.106791060967672
2323	2.106849766642955
2324	2.106832233504739
2325	2.106768598694646
2326	2.1067396747558935
2327	2.1067280962319543
2328	2.1068135977631384
2329	2.1067673857176232
2330	2.106730785863793
2331	2.1067442443524196
2332	2.1067058416868303
2333	2.106685669862659
2334	2.1066568813676394
2335	2.106600386633527
2336	2.1066847249419864
2337	2.1066387286476793
2338	2.1065487579941737
2339	2.1065554703586598
2340	2.1065345068118013
2341	2.1065077042265643
2342	2.1063758389261746
2343	2.1061811426556467
2344	2.105928269316736
2345	2.105960094179112
2346	2.1059566244363324
2347	2.105858717675744
2348	2.105813294886978
2349	2.105689801590365
2350	2.105695030352917
2351	2.105640260886706
2352	2.1056292780714303
2353	2.105643994211288
2354	2.1056834717110333
2355	2.1054766040092745
2356	2.105214996750248
2357	2.1053427936399385
2358	2.1053405109800907
2359	2.1054254428671486
2360	2.1055103051414714
2361	2.10559509788861
2362	2.105532996655975
2363	2.1055212108292474
2364	2.1055009119888175
2365	2.10537929389313
2366	2.105390006898255
2367	2.1054056354813997
2368	2.1053948264125255
2369	2.1052971796005853
2370	2.1052090152436174
2371	2.105156706778163
2372	2.105213978695571
2373	2.105211765105458
2374	2.1053953812074044
2375	2.1053863969933233
2376	2.1053332315702886
2377	2.1052537890346863
2378	2.1052609281399075
2379	2.1052502307933363
2380	2.1051464176564707
2381	2.1051019285611527
2382	2.1051091185924546
2383	2.105098503424368
2384	2.1051225923139985
2385	2.1051044201135443
2386	2.1051698221554154
2387	2.105209845696728
2388	2.1052431739174455
2389	2.1052156604760217
2390	2.105205918307128
2391	2.105144735178865
2392	2.1051368016712715
2393	2.10501587194665
2394	2.104955728377605
2395	2.1049788830744895
2396	2.1048834021511524
2397	2.1049746978026596
2398	2.104835524933832
2399	2.104883886952505
2400	2.104880956378656
2401	2.104937650000839
2402	2.104818145215407
2403	2.1047322791072056
2404	2.104712656201547
2405	2.104682918656279
2406	2.1046867018915956
2407	2.1045926694734374
2408	2.104600865119937
2409	2.1045654882872937
2410	2.1045468605010824
2411	2.1045801335350007
2412	2.104494691736483
2413	2.104466894881857
2414	2.104379830081287
2415	2.104478109983983
2416	2.1043511615883657
2417	2.104367758606318
2418	2.1043610851886414
2419	2.1043167564776333
2420	2.1044249261124754
2421	2.1045413313582384
2422	2.1045179645450838
2423	2.104349778394964
2424	2.1042232916905634
2425	2.1041227006098473
2426	2.1041144129030114
2427	2.10413103757451
2428	2.104069506912519
2429	2.1040586610483007
2430	2.103980631627822
2431	2.1040038455481977
2432	2.103901913677409
2433	2.1038994377323803
2434	2.103854717621448
2435	2.103867951847102
2436	2.1038911632138277
2437	2.103932607491547
2438	2.1038805427471203
2439	2.1037550386572392
2440	2.103736975081328
2441	2.1037015639829986
2442	2.1036917873200514
2443	2.103840412986649
2444	2.1038718026922094
2445	2.1038537280719822
2446	2.1038586665568504
2447	2.103840612522126
2448	2.1038390322182448
2449	2.103688531332774
2450	2.1036294566504408
2451	2.1034964575148356
2452	2.1034950211968844
2453	2.103510011004714
2454	2.1033517489348776
2455	2.1033257567676236
2456	2.103248878353661
2457	2.1030917692200477
2458	2.103010236278551
2459	2.1029762343630956
2460	2.103034869056783
2461	2.103141729834155
2462	2.103231296691787
2463	2.103263536725012
2464	2.1034282583989468
2465	2.103460394259374
2466	2.103426302632224
2467	2.1034347591748737
2468	2.103384379285574
2469	2.1033413569417814
2470	2.1034305569149456
2471	2.103453617493111
2472	2.1034286040276116
2473	2.1034280500521376
2474	2.1034095258259162
2475	2.1032046429472624
2476	2.103340818850485
2477	2.103413499467276
2478	2.1034121118997096
2479	2.1034107254597614
2480	2.1033127000373675
2481	2.1032203582506455
2482	2.1033659894645425
2483	2.1034303702982506
2484	2.103486589727577
2485	2.1034689625540124
2486	2.1035340642954967
2487	2.1037027436431237
2488	2.1037417307022728
2489	2.103839024824561
2490	2.10380594841257
2491	2.1037622929606625
2492	2.103747119932091
2493	2.103696281091914
2494	2.103785320774836
2495	2.1036618353587144
2496	2.1037079486020533
2497	2.103724262570193
2498	2.103683272442799
2499	2.103779365053772
2500	2.1036247300390034
2501	2.1037029876835587
2502	2.1036129250440845
2503	2.1035703937413475
2504	2.103602806294854
2505	2.103544228464811
2506	2.103624027268635
2507	2.1036538816968413
2508	2.1035889856376313
2509	2.10349922114628
2510	2.1035050123201144
2511	2.103504436706728
2512	2.1034806319672787
2513	2.1034640329006966
2514	2.1034706584714997
2515	2.103469268417722
2516	2.103460700787906
2517	2.103378448682957
2518	2.10325626050084
2519	2.1032709532949454
2520	2.1031585511116084
2521	2.103206060509198
2522	2.1030913012221424
2523	2.102999768450133
2524	2.103111132394726
2525	2.103166561619901
2526	2.1031732739989315
2527	2.1032852621592966
2528	2.1032839531751786
2529	2.103258748277428
2530	2.1033760649733257
2531	2.1033596255939635
2532	2.103261172239858
2533	2.103275781169229
2534	2.103273658102264
2535	2.103273998728544
2536	2.103264754944793
2537	2.103264278738119
2538	2.1031669180093657
2539	2.103125173554637
2540	2.103228671811181
2541	2.1032044268975247
2542	2.103219006561638
2543	2.103121856161725
2544	2.1031760485869713
2545	2.103333913786826
2546	2.1033571490738763
2547	2.103365365602879
2548	2.103425648485615
2549	2.103544473860987
2550	2.103479057715703
2551	2.1034224075302443
2552	2.1034850219047243
2553	2.103604456648676
2554	2.1033647778899547
2555	2.1031891827965468
2556	2.103261297898835
2557	2.1031725398438548
2558	2.103186228186228
2559	2.1031542984893687
2560	2.1030420824021907
2561	2.1031447629235753
2562	2.1031836516460793
2563	2.103253137993099
2564	2.103321757986204
2565	2.1034006125814813
2566	2.1033310566271775
2567	2.103266158144207
2568	2.103367666324121
2569	2.1033585044735625
2570	2.103310967580109
2571	2.1031616062683645
2572	2.10316981664095
2573	2.103089474178698
2574	2.1030655928873863
2575	2.1031043169407457
2576	2.1031594588253695
2577	2.1032293873466803
2578	2.1032116902399
2579	2.103218247148883
2580	2.1032802629832354
2581	2.103232151359283
2582	2.1032941139754073
2583	2.1033630223525557
2584	2.1033547210116397
2585	2.1033534138111083
2586	2.1032570168810225
2587	2.1031848621710014
2588	2.1031836226356346
2589	2.1031746031746033
2590	2.1030092322529965
2591	2.1030236120073704
2592	2.102959462820194
2593	2.1030126940227776
2594	2.102995992917715
2595	2.1030173183360112
2596	2.1029540710622086
2597	2.1029994647968167
2598	2.103006854200912
2599	2.102944481906046
2600	2.102912350566742
2601	2.1028252350490235
2602	2.1028302909254184
2603	2.102860945806861
2604	2.1028358370592692
2605	2.1027643533732845
2606	2.1027416848956118
2607	2.10274994011791
2608	2.10272491349481
2609	2.102709213177786
2610	2.1025977433744423
2611	2.1025110896817742
2612	2.102494698284172
2613	2.1025075735968612
2614	2.1024141411806405
2615	2.1024902370077103
2616	2.10258246327266
2617	2.1025745622474505
2618	2.1025205041008204
2619	2.102519534855104
2620	2.102640784162983
2621	2.1027250929882264
2622	2.10278708170728
2623	2.1028251971648197
2624	2.1027780549777004
2625	2.1027677386186627
2626	2.102844168993342
2627	2.1028507460397785
2628	2.1028189956465755
2629	2.1027949311227228
2630	2.102793860858377
2631	2.1027698243787416
2632	2.102731286972626
2633	2.1027692778457774
2634	2.102769004886479
2635	2.1027603024025563
2636	2.1027600330103615
2637	2.1026757411184187
2638	2.1026212710072003
2639	2.1025973728600107
2640	2.1025742755558268
2641	2.102542786540163
2642	2.1026180565085464
2643	2.1024875015242044
2644	2.102448463425411
2645	2.1024338608221513
2646	2.1024702165721463
2647	2.102454057755964
2648	2.1025307500969856
2649	2.102568586897013
2650	2.1025615688659167
2651	2.1026381374992402
2652	2.102643951419956
2653	2.1026725381520004
2654	2.102564491769188
2655	2.1024792886838832
2656	2.1023706242795606
2657	2.102340954575778
2658	2.1023795089421036
2659	2.1024460082871883
2660	2.102491291837044
2661	2.1023828266925033
2662	2.102405399474883
2663	2.102390136903411
2664	2.1023892333282928
2665	2.102388330436097
2666	2.1024418622221552
2667	2.1024500400283976
2668	2.102501962915987
2669	2.102537979125631
2670	2.10252870441618
2671	2.102460654414925
2672	2.102422807863949
2673	2.10236161138155
2674	2.102186702019479
2675	2.1022009382035587
2676	2.102145883982267
2677	2.1021533692479006
2678	2.102257855864258
2679	2.1022261651467193
2680	2.102211834026019
2681	2.102127595636626
2682	2.102059974316033
2683	2.1020899959461286
2684	2.1021042204478597
2685	2.1019451341639974
2686	2.1018176909925312
2687	2.101696312787185
2688	2.1018088358709988
2689	2.101763978877196
2690	2.101718393171353
2691	2.1016960570042813
2692	2.10172306725424
2693	2.101654351272923
2694	2.101526637659056
2695	2.101467038346275
2696	2.1014971312455177
2697	2.1017146612498507
2698	2.1017364169789627
2699	2.1017208441539057
2700	2.1017433403206196
2701	2.101712862501212
2702	2.1016906195956824
2703	2.1016683929329885
2704	2.101661837332122
2705	2.101691760115564
2706	2.1016315836484356
2707	2.101534249021563
2708	2.1015567472684404
2709	2.101646901371798
2710	2.101511750628038
2711	2.1015647057075353
2712	2.10160050503175
2713	2.101547941645941
2714	2.101532524397937
2715	2.1015378680534433
2716	2.1015595452624085
2717	2.101589372553671
2718	2.101625835519393
2719	2.101663024556465
2720	2.1016624088266873
2721	2.1017077124647465
2722	2.101684881939871
2723	2.1016776140600038
2724	2.1016695996805725
2725	2.1018560267279676
2726	2.1019661738301596
2727	2.1020777474942203
2728	2.1020474464142
2729	2.1020466908264264
2730	2.102097582210024
2731	2.1021631867361914
2732	2.1020650402907717
2733	2.102011938978554
2734	2.1020797571774827
2735	2.101990617658539
2736	2.102004608464557
2737	2.1019538580417265
2738	2.10190239380876
2739	2.101902443687814
2740	2.1018877911079747
2741	2.101790818838503
2742	2.1018496753151354
2743	2.1018710255393516
2744	2.1018475699720334
2745	2.101861567473566
2746	2.1016378532606703
2747	2.101630665904125
2748	2.101696033304993
2749	2.1016961570868595
2750	2.101577605906135
2751	2.101658308013325
2752	2.1016642758862965
2753	2.10156855859415
2754	2.1015752983852094
2755	2.101539653760674
2756	2.1016063493919552
2757	2.101685380945771
2758	2.1016570389466227
2759	2.1016257491805552
2760	2.101647790297157
2761	2.1016333408714556
2762	2.1016327453311066
2763	2.101618311707246
2764	2.1016483516483517
2765	2.1017730703109065
2766	2.101655913665293
2767	2.101501706981518
2768	2.1014276566638532
2769	2.101462768859244
2770	2.101477517305567
2771	2.101324339647327
2772	2.101360924818531
2773	2.1012790621663435
2774	2.101309111503191
2775	2.1012142810483607
2776	2.1011042748933453
2777	2.1010110534103106
2778	2.10103968794861
2779	2.1011205009639498
2780	2.101062866333872
2781	2.1009965670582442
2782	2.101026628632658
2783	2.1009603902354295
2784	2.101149608236086
2785	2.1011274960042234
2786	2.101198652419716
2787	2.1011685805756906
2788	2.1012100415387396
2789	2.1011662755009928
2790	2.1012893072680545
2791	2.1012614380971626
2792	2.1012025421466856
2793	2.1011451482635284
2794	2.1010351489288084
2795	2.100910820314752
2796	2.1007736302997997
2797	2.10083095711282
2798	2.1007090156559296
2799	2.100664862997928
2800	2.100721442597481
2801	2.1007362880727083
2802	2.1007575866480743
2803	2.100700556852883
2804	2.100715393897604
2805	2.100685693771316
2806	2.100714880422612
2807	2.1008602937483407
2808	2.1008105006455313
2809	2.100817380081738
2810	2.100824977243243
2811	2.1009314322562154
2812	2.1008659155857643
2813	2.1008233693706595
2814	2.100794446034927
2815	2.10092366690754
2816	2.100900436987291
2817	2.1009430117751355
2818	2.1009433962264152
2819	2.100928770450811
2820	2.1009655901384106
2821	2.101000942399406
2822	2.100987032265892
2823	2.1010430340733977
2824	2.101185297180105
2825	2.101220520717484
2826	2.101206553731907
2827	2.1012360631211484
2828	2.10119217183227
2829	2.1012123844034543
2830	2.1011969996726396
2831	2.1011737924165894
2832	2.101065267170144
2833	2.1009276701617203
2834	2.100963588300503
2835	2.100934831716084
2836	2.100962904050446
2837	2.1008191601124393
2838	2.1007699130743305
2839	2.1006994197511597
2840	2.1006211708645335
2841	2.1007648630831284
2842	2.100693730911771
2843	2.1007005688137084
2844	2.1006712835110677
2845	2.100600972598764
2846	2.100658080951033
2847	2.1006076210821174
2848	2.100642050034648
2849	2.1005852748247005
2850	2.1005652911249295
2851	2.1005439005439004
2852	2.1006150304690756
2853	2.1006705724571186
2854	2.1006131765934475
2855	2.1005784016364535
2856	2.1005422328146044
2857	2.100584333655222
2858	2.100705331914684
2859	2.1005642076791413
2860	2.10055696772967
2861	2.100641946110313
2862	2.100726157137027
2863	2.100656270442508
2864	2.1005934634640266
2865	2.1006705748386825
2866	2.100585313068713
2867	2.1004994064719145
2868	2.100634053518892
2869	2.1006703400835294
2870	2.1007051889274813
2871	2.100782099393259
2872	2.100612834464576
2873	2.1006126196851387
2874	2.1005990961006202
2875	2.100592586366311
2876	2.1006435078530363
2877	2.100488583388165
2878	2.100404444693238
2879	2.1002287305106915
2880	2.100299976924852
2881	2.100356493778834
2882	2.100243166191514
2883	2.100314333612741
2884	2.1004049996508622
2885	2.1004474413474896
2886	2.10043473103198
2887	2.1003348214285715
2888	2.1002384804195025
2889	2.1002739496852714
2890	2.100337967318212
2891	2.100297451115616
2892	2.100333563136747
2893	2.10027775650709
2894	2.100292275574113
2895	2.1002149550264
2896	2.1002364394993047
2897	2.100223150664933
2898	2.1003217579240707
2899	2.1002945549025327
2900	2.100273618711631
2901	2.1002804659622623
2902	2.1002033352533362
2903	2.100176210231293
2904	2.100203889150878
2905	2.100204513154702
2906	2.100260579095458
2907	2.1002604888322343
2908	2.1002472419023084
2909	2.100276237356429
2910	2.1002816745447874
2911	2.1003576790297696
2912	2.100372081442957
2913	2.1003982190758
2914	2.1002868101869447
2915	2.1001823884597846
2916	2.1000649189204124
2917	2.1000234732060257
2918	2.100045550540395
2919	2.100060713940749
2920	2.1000606930037518
2921	2.099998621089064
2922	2.100040664134922
2923	2.099911119685267
2924	2.099918726065515
2925	2.0998987861219938
2926	2.0998244829128954
2927	2.099865827226752
2928	2.099796404055411
2929	2.099761408719927
2930	2.099601347171627
2931	2.099547200406764
2932	2.099574146576001
2933	2.0995825265384034
2934	2.099597765056354
2935	2.0996129935361685
2936	2.0995918647323113
2937	2.099549497041217
2938	2.099598999211708
2939	2.0995230786098014
2940	2.099468442179387
2941	2.09941384316196
2942	2.099416085376122
2943	2.099436814408792
2944	2.0994308464790468
2945	2.099520621482449
2946	2.0994168837117093
2947	2.0993494245961237
2948	2.0993838040196198
2949	2.0993908435314683
2950	2.099295476577327
2951	2.099090307302792
2952	2.0990640051302343
2953	2.099015910470358
2954	2.0989889762276475
2955	2.0988448563737347
2956	2.09886568791089
2957	2.098851780217385
2958	2.098852844061681
2959	2.0988198783127117
2960	2.0986760643870843
2961	2.098724121983732
2962	2.098678306273966
2963	2.0985550782949107
2964	2.0986377687943745
2965	2.0985900187454156
2966	2.0985640085548427
2967	2.0985380156650875
2968	2.0985866755324563
2969	2.0986834519198814
2970	2.0986981285598048
2971	2.0988158099873244
2972	2.098871760121972
2973	2.0988999078740584
2974	2.098899610631454
2975	2.098887113806829
2976	2.0989950938927424
2977	2.098914256722476
2978	2.098867286559594
2979	2.0987791192893743
2980	2.098881567832404
2981	2.0989278982888258
2982	2.0989154218104216
2983	2.098923206751055
2984	2.098964730654501
2985	2.0989023592193057
2986	2.098821133276683
2987	2.0989172498415654
2988	2.0989243543430205
2989	2.098877555145325
2990	2.098900136725196
2991	2.0988735751365106
2992	2.0988604928217107
2993	2.0988602110022607
2994	2.098861259273708
2995	2.09887508993229
2996	2.098747756649392
2997	2.098870455110502
2998	2.098836584448385
2999	2.098830260136179
3000	2.098836701952703
3001	2.0987089327893496
3002	2.0986342536692693
3003	2.0985810656760053
3004	2.0984796685838396
3005	2.0985143439189957
3006	2.098440493575745
3007	2.098468461832087
3008	2.098454267333427
3009	2.098413314506361
3010	2.098294086165373
3011	2.098308689284353
3012	2.098351339787132
3013	2.0983652573750553
3014	2.098325716881798
3015	2.098347626299057
3016	2.0983488345696486
3017	2.09839610740674
3018	2.0982892296195472
3019	2.0982824745706186
3020	2.0982363727287883
3021	2.098149654059963
3022	2.0982321936657495
3023	2.098218151540383
3024	2.0981800989525414
3025	2.098172740888667
3026	2.0980868407918813
3027	2.098034259105272
3028	2.0979943608022555
3029	2.098028918065481
3030	2.0979697624190066
3031	2.0979292751466514
3032	2.097882174805252
3033	2.097876888759062
3034	2.0979306866297667
3035	2.09782392357195
3036	2.097872368647946
3037	2.0979400240010078
3038	2.0979069181722982
3039	2.0978353773678666
3040	2.0978228471886444
3041	2.0979572918390996
3042	2.0978851563792817
3043	2.097665555026203
3044	2.0976392223787697
3045	2.097553395490313
3046	2.0975079323109465
3047	2.0974222069503274
3048	2.0974032408294305
3049	2.0973176079032174
3050	2.097230748919035
3051	2.09718611004791
3052	2.097121068186616
3053	2.0970494743922865
3054	2.096944325411214
3055	2.0968326567195654
3056	2.0967684553809667
3057	2.0967161937880343
3058	2.0968166705072915
3059	2.0968907551963354
3060	2.096799663122434
3061	2.0967211497352585
